Workbook

Sheet SILVER
A1: Data is taken from: https://www.macrotrends.net/1470/historical-silver-prices-100-year-chart
A3: Silver Price
A4: Date | B4: Value
A5: 27395 | B5: 4.15
A6: 27396 | B6: 4.42
A7: 27397 | B7: 4.28
A8: 27398 | B8: 4.43
A9: 27399 | B9: 4.53
A10: 27400 | B10: 4.57
A11: 27401 | B11: 5
A12: 27402 | B12: 4.63
A13: 27403 | B13: 4.44
A14: 27404 | B14: 4.19
A15: 27405 | B15: 4.23
A16: 27406 | B16: 4.18
... A621: 46027 | B621: 88.36

Sheet INTEREST RATE
A1: Data is Taken From: https://fred.stlouisfed.org/series/GS10
A3: Interest Rate
A4: Date | B4: Value
A5: 27395 | B5: 7.5
A6: 27426 | B6: 7.39
A7: 27454 | B7: 7.73
A8: 27485 | B8: 8.23
A9: 27515 | B9: 8.06
A10: 27546 | B10: 7.86
A11: 27576 | B11: 8.06
A12: 27607 | B12: 8.4
A13: 27638 | B13: 8.43
A14: 27668 | B14: 8.14
A15: 27699 | B15: 8.05
A16: 27729 | B16: 8
... A620: 46113 | B620: 4.32

Sheet INFLATION RATE
A1: Data is Taken From: https://datahub.io/core/cpi-us
A3: Inflation Rate
A4: Date | B4: Inflation
A5: 27395 | B5: 0.39
A6: 27426 | B6: 0.77
A7: 27454 | B7: 0.38
A8: 27485 | B8: 0.38
A9: 27515 | B9: 0.57
A10: 27546 | B10: 0.75
A11: 27576 | B11: 1.12
A12: 27607 | B12: 0.18
A13: 27638 | B13: 0.55
A14: 27668 | B14: 0.55
A15: 27699 | B15: 0.73
A16: 27729 | B16: 0.36
... A619: 46113 | B619: 0.85

Sheet OIL 
A1: Data is Taken From: https://fred.stlouisfed.org/series/WTISPLC
A3: Oil Price
A4: Date | B4: Price
A5: 27395 | B5: 11.16
A6: 27426 | B6: 11.16
A7: 27454 | B7: 11.16
A8: 27485 | B8: 11.16
A9: 27515 | B9: 11.16
A10: 27546 | B10: 11.16
A11: 27576 | B11: 11.16
A12: 27607 | B12: 11.16
A13: 27638 | B13: 11.16
A14: 27668 | B14: 11.16
A15: 27699 | B15: 11.16
A16: 27729 | B16: 11.16
... A620: 46113 | B620: 100.32

Sheet DXY
A1: Data is Taken From: https://www.investing.com/indices/usdollar-historical-data?cid=1224074
A3: DXY
A4: Date | B4: Price
A5: 27395 | B5: 95.61
A6: 27396 | B6: 93
A7: 27397 | B7: 94.82
A8: 27398 | B8: 95.39
A9: 27399 | B9: 94.63
A10: 27400 | B10: 95.86
A11: 27401 | B11: 101.25
A12: 27402 | B12: 101.79
A13: 27403 | B13: 104.24
A14: 27404 | B14: 101.61
A15: 27405 | B15: 103.53
A16: 27406 | B16: 103.51
... A621: 46027 | B621: 99.02

Sheet GPRHT
A1: Data is taken from: https://www.matteoiacoviello.com/gpr_country.htm
A3: GRPH
A4: Date | B4: GPRHT
A5: 27395 | B5: 83.86
A6: 27426 | B6: 112.83
A7: 27454 | B7: 81.5
A8: 27485 | B8: 89.52
A9: 27515 | B9: 91.75
A10: 27546 | B10: 104.65
A11: 27576 | B11: 130.42
A12: 27607 | B12: 119.29
A13: 27638 | B13: 91.55
A14: 27668 | B14: 95.56
A15: 27699 | B15: 98.56
A16: 27729 | B16: 83.33
... A616: 45992 | B616: 142.11

Sheet SPX500
A1: Data is taken from: https://www.macrotrends.net/2324/sp-500-historical-chart-data
A3: GRPH
A4: Date | B4: Value
A5: 27395 | B5: 76.98
A6: 27426 | B6: 81.59
A7: 27454 | B7: 83.36
A8: 27485 | B8: 87.3
A9: 27515 | B9: 91.15
A10: 27546 | B10: 95.19
A11: 27576 | B11: 88.75
A12: 27607 | B12: 86.88
A13: 27638 | B13: 83.87
A14: 27668 | B14: 89.04
A15: 27699 | B15: 91.24
A16: 27729 | B16: 90.19
... A620: 46113 | B620: 7209.01

Sheet REGRESSION SILVER 1975-2024
B1: ALL DATA EXTRACTED
B3: Independent Variable:- | E3: Dependent Variable: Gold Price
B4: 1.Interest Rate
B5: 2. Inflation Rate
B6: 3. Oil Price
B7: 4. DXY
B8: 5. GPRH
C10: Y | D10: X2 | E10: X3 | F10: X6 | G10: X1 | H10: X5 | I10: X4
B11: DATE | C11: Silver Price | D11: Inflation Changes | E11: Oil Price | F11: SPX500 | G11: Interest Rate | H11: GPRHT | I11: DXY | L11: Interest Rate | M11: Inflation Changes | N11: Oil Price | O11: Oil Price | P11: GPRHT | Q11: SPX500
B12: 27395 | C12: 4.15 | D12: 0.39 | E12: 11.16 | F12: 76.98 | G12: 7.5 | H12: 83.855362 | I12: 95.61 | K12: Interest Rate | L12: 1
B13: 27426 | C13: 4.42 | D13: 0.77 | E13: 11.16 | F13: 81.59 | G13: 7.39 | H13: 112.82957 | I13: 93 | K13: Inflation Changes | L13: 0.33132365 | M13: 1
B14: 27454 | C14: 4.28 | D14: 0.38 | E14: 11.16 | F14: 83.36 | G14: 7.73 | H14: 81.504486 | I14: 94.82 | K14: Oil Price | L14: -0.57507259 | M14: -0.079022384 | N14: 1 | O14: 1
B15: 27485 | C15: 4.43 | D15: 0.38 | E15: 11.16 | F15: 87.3 | G15: 8.23 | H15: 89.517914 | I15: 95.39 | K15: DXY | L15: 0.47736574 | M15: 0.0030447475 | N15: -0.38291898 | O15: -0.38291898
B16: 27515 | C16: 4.53 | D16: 0.57 | E16: 11.16 | F16: 91.15 | G16: 8.06 | H16: 91.751518 | I16: 94.63 | K16: GPRHT | L16: 0.28471385 | M16: 0.20999041 | N16: -0.023984135 | O16: -0.023984135 | P16: 1
B17: 27546 | C17: 4.57 | D17: 0.75 | E17: 11.16 | F17: 95.19 | G17: 7.86 | H17: 104.65205 | I17: 95.86 | K17: SPX500 | L17: -0.67758122 | M17: -0.14469664 | N17: 0.60290619 | O17: 0.60290619 | P17: -0.0062193239 | Q17: 1
B18: 27576 | C18: 5 | D18: 1.12 | E18: 11.16 | F18: 88.75 | G18: 8.06 | H18: 130.41939 | I18: 101.25
B19: 27607 | C19: 4.63 | D19: 0.18 | E19: 11.16 | F19: 86.88 | G19: 8.4 | H19: 119.28921 | I19: 101.79 | K19: SUMMARY OUTPUT
B20: 27638 | C20: 4.44 | D20: 0.55 | E20: 11.16 | F20: 83.87 | G20: 8.43 | H20: 91.548004 | I20: 104.24
B21: 27668 | C21: 4.19 | D21: 0.55 | E21: 11.16 | F21: 89.04 | G21: 8.14 | H21: 95.561226 | I21: 101.61 | K21: Regression Statistics
B22: 27699 | C22: 4.23 | D22: 0.73 | E22: 11.16 | F22: 91.24 | G22: 8.05 | H22: 98.560883 | I22: 103.53 | K22: Multiple R | L22: 0.83473601
B23: 27729 | C23: 4.18 | D23: 0.36 | E23: 11.16 | F23: 90.19 | G23: 8 | H23: 83.333817 | I23: 103.51 | K23: R Square | L23: 0.69678421
B24: 27760 | C24: 4.01 | D24: 0.18 | E24: 11.16 | F24: 100.86 | G24: 7.74 | H24: 99.605568 | I24: 103.88 | K24: Adjusted R Square | L24: 0.69371626
B25: 27791 | C25: 4.16 | D25: 0.36 | E25: 12.03 | F25: 99.71 | G25: 7.79 | H25: 61.639027 | I25: 103.66 | K25: Standard Error | L25: 4.6720332
B26: 27820 | C26: 4.11 | D26: 0.18 | E26: 12.1 | F26: 102.77 | G26: 7.73 | H26: 94.420204 | I26: 105.34 | K26: Observations | L26: 600
B27: 27851 | C27: 4.43 | D27: 0.36 | E27: 12.17 | F27: 101.64 | G27: 7.56 | H27: 76.181549 | I27: 106.23
B28: 27881 | C28: 4.62 | D28: 0.71 | E28: 12.17 | F28: 100.18 | G28: 7.9 | H28: 90.447502 | I28: 107.29 | K28: ANOVA
B29: 27912 | C29: 4.83 | D29: 0.53 | E29: 12.17 | F29: 104.28 | G29: 7.86 | H29: 79.715508 | I29: 106.64 | L29: df | M29: SS | N29: MS | O29: F | P29: Significance F
B30: 27942 | C30: 4.54 | D30: 0.53 | E30: 12.17 | F30: 103.44 | G30: 7.83 | H30: 62.278923 | I30: 106.56 | K30: Regression | L30: 6 | M30: 29744.935 | N30: 4957.4891 | O30: 227.11715 | P30: 4.7236857e-150
B31: 27973 | C31: 4.11 | D31: 0.53 | E31: 12.17 | F31: 102.91 | G31: 7.77 | H31: 108.76436 | I31: 106.13 | K31: Residual | L31: 593 | M31: 12943.941 | N31: 21.827894
B32: 28004 | C32: 4.39 | D32: 0.35 | E32: 13.9 | F32: 105.24 | G32: 7.59 | H32: 76.601311 | I32: 105.5 | K32: Total | L32: 599 | M32: 42688.876
B33: 28034 | C33: 4.27 | D33: 0.52 | E33: 13.9 | F33: 102.9 | G33: 7.41 | H33: 85.47039 | I33: 105.94
B34: 28065 | C34: 4.28 | D34: 0.17 | E34: 13.9 | F34: 102.1 | G34: 7.29 | H34: 66.941399 | I34: 106.19 | L34: Coefficients | M34: Standard Error | N34: t Stat | O34: P-value | P34: Lower 95% | Q34: Upper 95% | R34: Lower 95.0% | S34: Upper 95.0%
B35: 28095 | C35: 4.36 | D35: 0.34 | E35: 13.9 | F35: 107.46 | G35: 6.87 | H35: 80.23188 | I35: 104.56 | K35: Intercept | L35: 3.6636286 | M35: 1.6207602 | N35: 2.2604383 | O35: 0.024155833 | P35: 0.48050007 | Q35: 6.8467571 | R35: 0.48050007 | S35: 6.8467571
B36: 28126 | C36: 4.45 | D36: 0.52 | E36: 13.9 | F36: 102.03 | G36: 7.21 | H36: 78.585274 | I36: 105.54 | K36: Interest Rate | L36: 0.21193204 | M36: 0.11115382 | N36: 1.9066555 | O36: 0.057048241 | P36: -0.0063709991 | Q36: 0.43023507 | R36: -0.0063709991 | S36: 0.43023507
B37: 28157 | C37: 4.73 | D37: 1.03 | E37: 13.9 | F37: 99.82 | G37: 7.39 | H37: 84.99382 | I37: 105.26 | K37: Inflation Changes | L37: 1.6351952 | M37: 0.57601186 | N37: 2.838822 | O37: 0.0046831576 | P37: 0.50392371 | Q37: 2.7664666 | R37: 0.50392371 | S37: 2.7664666
B38: 28185 | C38: 4.83 | D38: 0.68 | E38: 13.9 | F38: 98.42 | G38: 7.46 | H38: 83.106659 | I38: 105.03 | K38: Oil Price | L38: 0.19115369 | M38: 0.0093749735 | N38: 20.389784 | O38: 1.9788878e-70 | P38: 0.1727415 | Q38: 0.20956588 | R38: 0.1727415 | S38: 0.20956588
B39: 28216 | C39: 4.71 | D39: 0.84 | E39: 13.9 | F39: 98.44 | G39: 7.37 | H39: 94.549332 | I39: 104.39 | K39: DXY | L39: -0.046555369 | M39: 0.017560694 | N39: -2.6511121 | O39: 0.0082370937 | P39: -0.08104409 | Q39: -0.012066649 | R39: -0.08104409 | S39: -0.012066649
B40: 28246 | C40: 4.56 | D40: 0.5 | E40: 13.9 | F40: 96.12 | G40: 7.46 | H40: 94.379166 | I40: 104.52 | K40: GPRHT | L40: 0.00086295447 | M40: 0.0058019103 | N40: 0.14873626 | O40: 0.88181231 | P40: -0.010531838 | Q40: 0.012257747 | R40: -0.010531838 | S40: 0.012257747
B41: 28277 | C41: 4.51 | D41: 0.66 | E41: 13.9 | F41: 100.48 | G41: 7.28 | H41: 84.294769 | I41: 103.84 | K41: SPX500 | L41: 0.0020846991 | M41: 0.00025373393 | N41: 8.2160833 | O41: 1.3241921e-15 | P41: 0.0015863726 | Q41: 0.0025830256 | R41: 0.0015863726 | S41: 0.0025830256
B42: 28307 | C42: 4.52 | D42: 0.49 | E42: 13.9 | F42: 98.85 | G42: 7.33 | H42: 98.000565 | I42: 102.86
B43: 28338 | C43: 4.45 | D43: 0.33 | E43: 14.85 | F43: 96.77 | G43: 7.4 | H43: 86.044266 | I43: 103.64
B44: 28369 | C44: 4.65 | D44: 0.33 | E44: 14.85 | F44: 96.53 | G44: 7.34 | H44: 82.02079 | I44: 103.21 | K44: SUMMARY OUTPUT
B45: 28399 | C45: 4.85 | D45: 0.33 | E45: 14.85 | F45: 92.34 | G45: 7.52 | H45: 102.51348 | I45: 100.96
B46: 28430 | C46: 4.74 | D46: 0.49 | E46: 14.85 | F46: 94.83 | G46: 7.58 | H46: 89.680283 | I46: 100.37 | K46: Regression Statistics
B47: 28460 | C47: 4.76 | D47: 0.32 | E47: 14.85 | F47: 95.1 | G47: 7.69 | H47: 68.235794 | I47: 96.44 | K47: Multiple R | L47: 0.8334448
B48: 28491 | C48: 4.95 | D48: 0.64 | E48: 14.85 | F48: 89.25 | G48: 7.96 | H48: 88.527557 | I48: 96.64 | K48: R Square | L48: 0.69463024
B49: 28522 | C49: 4.97 | D49: 0.64 | E49: 14.85 | F49: 87.04 | G49: 8.03 | H49: 103.8131 | I49: 94.6 | K49: Adjusted R Square | L49: 0.69257733
B50: 28550 | C50: 5.35 | D50: 0.79 | E50: 14.85 | F50: 89.21 | G50: 8.04 | H50: 105.5895 | I50: 93.84 | K50: Standard Error | L50: 4.6807117
B51: 28581 | C51: 5 | D51: 0.79 | E51: 14.85 | F51: 96.83 | G51: 8.15 | H51: 109.60812 | I51: 95.62 | K51: Observations | L51: 600
B52: 28611 | C52: 5.47 | D52: 0.94 | E52: 14.85 | F52: 97.24 | G52: 8.35 | H52: 120.57794 | I52: 95.46
B53: 28642 | C53: 5.28 | D53: 1.09 | E53: 14.85 | F53: 95.53 | G53: 8.46 | H53: 103.54788 | I53: 93.53 | K53: ANOVA
B54: 28672 | C54: 5.57 | D54: 0.77 | E54: 14.85 | F54: 100.68 | G54: 8.64 | H54: 102.80663 | I54: 90.94 | L54: df | M54: SS | N54: MS | O54: F | P54: Significance F
B55: 28703 | C55: 5.53 | D55: 0.46 | E55: 14.85 | F55: 103.29 | G55: 8.41 | H55: 69.916779 | I55: 90 | K55: Regression | L55: 4 | M55: 29652.984 | N55: 7413.246 | O55: 338.36437 | P55: 1.1300101e-151
B56: 28734 | C56: 5.67 | D56: 0.76 | E56: 14.85 | F56: 102.54 | G56: 8.42 | H56: 67.476158 | I56: 88.83 | K56: Residual | L56: 595 | M56: 13035.892 | N56: 21.909062
B57: 28764 | C57: 6.26 | D57: 0.9 | E57: 14.85 | F57: 93.15 | G57: 8.64 | H57: 67.810852 | I57: 83.07 | K57: Total | L57: 599 | M57: 42688.876
B58: 28795 | C58: 5.91 | D58: 0.45 | E58: 14.85 | F58: 94.7 | G58: 8.81 | H58: 95.563385 | I58: 90.22
B59: 28825 | C59: 6.02 | D59: 0.45 | E59: 14.85 | F59: 96.11 | G59: 9.01 | H59: 102.59396 | I59: 86.5 | L59: Coefficients | M59: Standard Error | N59: t Stat | O59: P-value | P59: Lower 95% | Q59: Upper 95% | R59: Lower 95.0% | S59: Upper 95.0%
B60: 28856 | C60: 6.71 | D60: 0.89 | E60: 14.85 | F60: 99.93 | G60: 9.1 | H60: 99.48938 | I60: 88.86 | K60: Intercept | L60: 3.3901405 | M60: 1.5864503 | N60: 2.1369346 | O60: 0.033010458 | P60: 0.27441727 | Q60: 6.5058638 | R60: 0.27441727 | S60: 6.5058638
B61: 28887 | C61: 7.69 | D61: 1.17 | E61: 15.85 | F61: 96.28 | G61: 9.1 | H61: 116.59624 | I61: 88.18 | K61: Inflation Changes | L61: 2.1102209 | M61: 0.52740243 | N61: 4.0011589 | O61: 7.0983761e-05 | P61: 1.0744242 | Q61: 3.1460177 | R61: 1.0744242 | S61: 3.1460177
B62: 28915 | C62: 7.45 | D62: 1.01 | E62: 15.85 | F62: 101.59 | G62: 9.12 | H62: 111.36182 | I62: 88.53 | K62: Oil Price | L62: 0.18985663 | M62: 0.0093410263 | N62: 20.325028 | O62: 3.826328e-70 | P62: 0.17151123 | Q62: 0.20820202 | R62: 0.17151123 | S62: 0.20820202
B63: 28946 | C63: 7.65 | D63: 1.15 | E63: 15.85 | F63: 101.76 | G63: 9.18 | H63: 110.29475 | I63: 89.98 | K63: DXY | L63: -0.026763492 | M63: 0.01467148 | N63: -1.8241849 | O63: 0.068625523 | P63: -0.055577676 | Q63: 0.0020506922 | R63: -0.055577676 | S63: 0.0020506922
B64: 28976 | C64: 8.77 | D64: 1.27 | E64: 18.1 | F64: 99.08 | G64: 9.25 | H64: 100.08645 | I64: 90.53 | K64: SPX500 | L64: 0.0017729787 | M64: 0.00019425568 | N64: 9.1270364 | O64: 1.0841917e-18 | P64: 0.0013914685 | Q64: 0.0021544888 | R64: 0.0013914685 | S64: 0.0021544888
B65: 29007 | C65: 8.54 | D65: 1.12 | E65: 19.1 | F65: 102.91 | G65: 8.91 | H65: 126.82825 | I65: 87.85
B66: 29037 | C66: 9.08 | D66: 1.11 | E66: 21.75 | F66: 103.81 | G66: 8.95 | H66: 96.521324 | I66: 87.31
B67: 29068 | C67: 10.32 | D67: 0.96 | E67: 26.5 | F67: 109.32 | G67: 9.03 | H67: 77.2826 | I67: 87.19 | K67: SUMMARY OUTPUT
B68: 29099 | C68: 16.25 | D68: 1.08 | E68: 28.5 | F68: 109.32 | G68: 9.33 | H68: 103.75216 | I68: 85.45
B69: 29129 | C69: 16.6 | D69: 0.8 | E69: 29 | F69: 101.82 | G69: 10.3 | H69: 121.21986 | I69: 88.95 | K69: Regression Statistics
B70: 29160 | C70: 19 | D70: 0.93 | E70: 31 | F70: 106.16 | G70: 10.65 | H70: 116.07775 | I70: 86.79 | K70: Multiple R | L70: 0.8324196
B71: 29190 | C71: 32.2 | D71: 1.05 | E71: 32.5 | F71: 107.94 | G71: 10.39 | H71: 138.39842 | I71: 85.82 | K71: R Square | L71: 0.6929224
B72: 29221 | C72: 35.28 | D72: 1.43 | E72: 32.5 | F72: 114.16 | G72: 10.8 | H72: 239.99292 | I72: 86.14 | K72: Adjusted R Square | L72: 0.6913767
B73: 29252 | C73: 35.52 | D73: 1.41 | E73: 37 | F73: 113.66 | G73: 12.41 | H73: 155.40662 | I73: 87.65 | K73: Standard Error | L73: 4.689843
B74: 29281 | C74: 13.49 | D74: 1.52 | E74: 38 | F74: 102.09 | G74: 12.75 | H74: 124.67373 | I74: 93.58 | K74: Observations | L74: 600
B75: 29312 | C75: 13.83 | D75: 1.12 | E75: 39.5 | F75: 106.29 | G75: 11.47 | H75: 181.85075 | I75: 88.11
B76: 29342 | C76: 13.7 | D76: 0.99 | E76: 39.5 | F76: 111.24 | G76: 10.18 | H76: 121.63941 | I76: 85.93 | K76: ANOVA
B77: 29373 | C77: 16.75 | D77: 1.1 | E77: 39.5 | F77: 114.24 | G77: 9.78 | H77: 114.37309 | I77: 85.2 | L77: df | M77: SS | N77: MS | O77: F | P77: Significance F
B78: 29403 | C78: 15.78 | D78: 0 | E78: 39.5 | F78: 121.67 | G78: 10.25 | H78: 83.976509 | I78: 86.08 | K78: Regression | L78: 3 | M78: 29580.078 | N78: 9860.0261 | O78: 448.29249 | P78: 2.5746557e-152 | Q78: <5%
B79: 29434 | C79: 16.06 | D79: 0.73 | E79: 38 | F79: 122.38 | G79: 11.1 | H79: 95.423714 | I79: 85.85 | K79: Residual | L79: 596 | M79: 13108.798 | N79: 21.994627
B80: 29465 | C80: 20.5 | D80: 0.84 | E80: 36 | F80: 125.46 | G80: 11.51 | H80: 147.70671 | I80: 86.02 | K80: Total | L80: 599 | M80: 42688.876
B81: 29495 | C81: 18.88 | D81: 0.95 | E81: 36 | F81: 127.47 | G81: 11.75 | H81: 157.21671 | I81: 88.38
B82: 29526 | C82: 18.42 | D82: 0.83 | E82: 36 | F82: 140.52 | G82: 12.68 | H82: 124.79424 | I82: 90.01 | L82: Coefficients | M82: Standard Error | N82: t Stat | O82: P-value | P82: Lower 95% | Q82: Upper 95% | R82: Lower 95.0% | S82: Upper 95.0%
B83: 29556 | C83: 15.5 | D83: 0.94 | E83: 37 | F83: 135.76 | G83: 12.84 | H83: 135.87674 | I83: 90.39 | K83: Intercept | L83: 0.58622945 | M83: 0.39347653 | N83: 1.4898715 | O83: 0.13678703 | P83: -0.18653967 | Q83: 1.3589986 | R83: -0.18653967 | S83: 1.3589986
B84: 29587 | C84: 13.15 | D84: 0.81 | E84: 38 | F84: 129.55 | G84: 12.57 | H84: 141.42093 | I84: 95.24 | J84: 1 | K84: Inflation Changes | L84: 2.1162751 | M84: 0.52842084 | N84: 4.0049046 | O84: 6.9883752e-05 | P84: 1.0784818 | Q84: 3.1540684 | R84: 1.0784818 | S84: 3.1540684
B85: 29618 | C85: 12.53 | D85: 1.03 | E85: 38 | F85: 131.27 | G85: 13.19 | H85: 134.68703 | I85: 97.06 | J85: 2 | K85: Oil Price | L85: 0.19691101 | M85: 0.0085195265 | N85: 23.112906 | O85: 7.2181004e-85 | P85: 0.18017907 | Q85: 0.21364296 | R85: 0.18017907 | S85: 0.21364296
B86: 29646 | C86: 12.33 | D86: 0.68 | E86: 38 | F86: 136 | G86: 13.12 | H86: 109.99925 | I86: 96.76 | J86: 3 | K86: SPX500 | L86: 0.0017057094 | M86: 0.00019109544 | N86: 8.9259555 | O86: 5.432817e-18 | P86: 0.0013304071 | Q86: 0.0020810117 | R86: 0.0013304071 | S86: 0.0020810117
B87: 29677 | C87: 11.07 | D87: 0.68 | E87: 38 | F87: 132.81 | G87: 13.68 | H87: 138.06546 | I87: 100.45 | O87: <5%
B88: 29707 | C88: 10.59 | D88: 0.79 | E88: 38 | F88: 132.59 | G88: 14.1 | H88: 139.18396 | I88: 104.95
B89: 29738 | C89: 8.3 | D89: 0.89 | E89: 36 | F89: 131.21 | G89: 13.47 | H89: 181.10503 | I89: 107.71 | K89: REGRESSION EQUATION
B90: 29768 | C90: 8.51 | D90: 1.1 | E90: 36 | F90: 130.92 | G90: 14.28 | H90: 104.53255 | I90: 111.72 | K90: Y= 0.59 + 2.12(X2) + 0.20(X3) + 0.00 (X6)
B91: 29799 | C91: 9.15 | D91: 0.76 | E91: 36 | F91: 122.79 | G91: 14.94 | H91: 116.9252 | I91: 110.28
B92: 29830 | C92: 8.95 | D92: 0.98 | E92: 36 | F92: 116.18 | G92: 15.32 | H92: 118.03626 | I92: 107.73 | K92: Date | L92: Actual | M92: Prediction | N92: Error | O92: Absolute Error
B93: 29860 | C93: 9.12 | D93: 0.21 | E93: 35 | F93: 121.89 | G93: 15.15 | H93: 123.00665 | I93: 106.13 | K93: 45658 | L93: 31.3118 | M93: =$L$83+$L$84*'[1]INFLATION RATE'!B605+'REGRESSION SILVER 1975-2024'!$L$85*'[1]OIL '!B605+'REGRESSION SILVER 1975-2024'!$L$86*[1]SPX500!B605 -> 27.179237 | N93: =L93-M93 -> 4.132563 | O93: =ABS(N93) -> 4.132563
B94: 29891 | C94: 8.27 | D94: 0.32 | E94: 36 | F94: 126.35 | G94: 13.39 | H94: 176.85617 | I94: 103.18 | K94: 45689 | L94: 31.2277 | M94: =$L$83+$L$84*'[1]INFLATION RATE'!B606+'REGRESSION SILVER 1975-2024'!$L$85*'[1]OIL '!B606+'REGRESSION SILVER 1975-2024'!$L$86*[1]SPX500!B606 -> 25.759082 | N94: =L94-M94 -> 5.4686183 | O94: =ABS(N94) -> 5.4686183
B95: 29921 | C95: 8.15 | D95: 0.32 | E95: 35 | F95: 122.55 | G95: 13.72 | H95: 199.61577 | I95: 104.69 | K95: 45717 | L95: 34.1992 | M95: =$L$83+$L$84*'[1]INFLATION RATE'!B607+'REGRESSION SILVER 1975-2024'!$L$85*'[1]OIL '!B607+'REGRESSION SILVER 1975-2024'!$L$86*[1]SPX500!B607 -> 24.061203 | N95: =L95-M95 -> 10.137997 | O95: =ABS(N95) -> 10.137997
B96: 29952 | C96: 8.28 | D96: 0.32 | E96: 33.85 | F96: 120.4 | G96: 14.59 | H96: 176.23053 | I96: 108.03 | K96: 45748 | L96: 32.6308 | M96: =$L$83+$L$84*'[1]INFLATION RATE'!B608+'REGRESSION SILVER 1975-2024'!$L$85*'[1]OIL '!B608+'REGRESSION SILVER 1975-2024'!$L$86*[1]SPX500!B608 -> 23.253198 | N96: =L96-M96 -> 9.3776017 | O96: =ABS(N96) -> 9.3776017
B97: 29983 | C97: 7.84 | D97: 0.32 | E97: 31.56 | F97: 113.11 | G97: 14.43 | H97: 147.50061 | I97: 111.93 | K97: 45778 | L97: 32.9896 | M97: =$L$83+$L$84*'[1]INFLATION RATE'!B609+'REGRESSION SILVER 1975-2024'!$L$85*'[1]OIL '!B609+'REGRESSION SILVER 1975-2024'!$L$86*[1]SPX500!B609 -> 23.35623 | N97: =L97-M97 -> 9.6333701 | O97: =ABS(N97) -> 9.6333701
B98: 30011 | C98: 7.06 | D98: -0.11 | E98: 28.48 | F98: 111.96 | G98: 13.86 | H98: 167.21423 | I98: 114.73 | K98: 45809 | L98: 35.7821 | M98: =$L$83+$L$84*'[1]INFLATION RATE'!B610+'REGRESSION SILVER 1975-2024'!$L$85*'[1]OIL '!B610+'REGRESSION SILVER 1975-2024'!$L$86*[1]SPX500!B610 -> 25.313028 | N98: =L98-M98 -> 10.469072 | O98: =ABS(N98) -> 10.469072
B99: 30042 | C99: 7.06 | D99: 0.42 | E99: 33.45 | F99: 116.44 | G99: 13.87 | H99: 274.43744 | I99: 111.6 | K99: 45839 | L99: 37.1164 | M99: =$L$83+$L$84*'[1]INFLATION RATE'!B611+'REGRESSION SILVER 1975-2024'!$L$85*'[1]OIL '!B611+'REGRESSION SILVER 1975-2024'!$L$86*[1]SPX500!B611 -> 25.183572 | N99: =L99-M99 -> 11.932828 | O99: =ABS(N99) -> 11.932828
B100: 30072 | C100: 6.36 | D100: 0.95 | E100: 35.93 | F100: 111.88 | G100: 13.62 | H100: 242.19096 | I100: 112.79 | K100: 45870 | L100: 39.015 | M100: =$L$83+$L$84*'[1]INFLATION RATE'!B612+'REGRESSION SILVER 1975-2024'!$L$85*'[1]OIL '!B612+'REGRESSION SILVER 1975-2024'!$L$86*[1]SPX500!B612 -> 24.990924 | N100: =L100-M100 -> 14.024076 | O100: =ABS(N100) -> 14.024076
B101: 30103 | C101: 5.73 | D101: 1.25 | E101: 35.07 | F101: 109.61 | G101: 14.3 | H101: 213.537 | I101: 119.04 | K101: 45901 | L101: 46.861 | M101: =$L$83+$L$84*'[1]INFLATION RATE'!B613+'REGRESSION SILVER 1975-2024'!$L$85*'[1]OIL '!B613+'REGRESSION SILVER 1975-2024'!$L$86*[1]SPX500!B613 -> 25.118296 | N101: =L101-M101 -> 21.742704 | O101: =ABS(N101) -> 21.742704
B102: 30133 | C102: 6.64 | D102: 0.52 | E102: 34.16 | F102: 107.09 | G102: 13.95 | H102: 169.59544 | I102: 119.05 | K102: 45931 | L102: 48.6932 | M102: =$L$83+$L$84*'[1]INFLATION RATE'!B614+'REGRESSION SILVER 1975-2024'!$L$85*'[1]OIL '!B614+'REGRESSION SILVER 1975-2024'!$L$86*[1]SPX500!B614 -> 23.799116 | N102: =L102-M102 -> 24.894084 | O102: =ABS(N102) -> 24.894084
...

Sheet CHART SILVER 1975-2024
