Workbook

Sheet GOLD
A1: Data is taken from: https://www.macrotrends.net/1333/historical-gold-prices-100-year-chart
A3: Gold Price
A4: Date | B4: Price
A5: 27395 | B5: 176.25
A6: 27396 | B6: 181.75
A7: 27397 | B7: 177.75
A8: 27398 | B8: 167.4
A9: 27399 | B9: 167.75
A10: 27400 | B10: 166
A11: 27401 | B11: 166.4
A12: 27402 | B12: 161.5
A13: 27403 | B13: 138.25
A14: 27404 | B14: 143.4
A15: 27405 | B15: 138.25
A16: 27406 | B16: 140.25
... A620: 46026 | B620: 4629.5648

Sheet SILVER
A1: Data is taken from: https://www.macrotrends.net/1470/historical-silver-prices-100-year-chart
A3: Silver Price
A4: Date | B4: Value
A5: 27395 | B5: 4.15
A6: 27396 | B6: 4.42
A7: 27397 | B7: 4.28
A8: 27398 | B8: 4.43
A9: 27399 | B9: 4.53
A10: 27400 | B10: 4.57
A11: 27401 | B11: 5
A12: 27402 | B12: 4.63
A13: 27403 | B13: 4.44
A14: 27404 | B14: 4.19
A15: 27405 | B15: 4.23
A16: 27406 | B16: 4.18
... A621: 46027 | B621: 88.36

Sheet INTEREST RATE
A1: Data is Taken From: https://fred.stlouisfed.org/series/GS10
A3: Interest Rate
A4: Date | B4: Value
A5: 27395 | B5: 7.5
A6: 27426 | B6: 7.39
A7: 27454 | B7: 7.73
A8: 27485 | B8: 8.23
A9: 27515 | B9: 8.06
A10: 27546 | B10: 7.86
A11: 27576 | B11: 8.06
A12: 27607 | B12: 8.4
A13: 27638 | B13: 8.43
A14: 27668 | B14: 8.14
A15: 27699 | B15: 8.05
A16: 27729 | B16: 8
... A620: 46113 | B620: 4.32

Sheet INFLATION RATE
A1: Data is Taken From: https://datahub.io/core/cpi-us
A3: Inflation Rate
A4: Date | B4: Inflation
A5: 27395 | B5: 0.39
A6: 27426 | B6: 0.77
A7: 27454 | B7: 0.38
A8: 27485 | B8: 0.38
A9: 27515 | B9: 0.57
A10: 27546 | B10: 0.75
A11: 27576 | B11: 1.12
A12: 27607 | B12: 0.18
A13: 27638 | B13: 0.55
A14: 27668 | B14: 0.55
A15: 27699 | B15: 0.73
A16: 27729 | B16: 0.36
... A619: 46113 | B619: 0.85

Sheet OIL 
A1: Data is Taken From: https://fred.stlouisfed.org/series/WTISPLC
A3: Oil Price
A4: Date | B4: Price
A5: 27395 | B5: 11.16
A6: 27426 | B6: 11.16
A7: 27454 | B7: 11.16
A8: 27485 | B8: 11.16
A9: 27515 | B9: 11.16
A10: 27546 | B10: 11.16
A11: 27576 | B11: 11.16
A12: 27607 | B12: 11.16
A13: 27638 | B13: 11.16
A14: 27668 | B14: 11.16
A15: 27699 | B15: 11.16
A16: 27729 | B16: 11.16
... A620: 46113 | B620: 100.32

Sheet DXY
A1: Data is Taken From: https://www.investing.com/indices/usdollar-historical-data?cid=1224074
A3: DXY
A4: Date | B4: Price
A5: 27395 | B5: 95.61
A6: 27396 | B6: 93
A7: 27397 | B7: 94.82
A8: 27398 | B8: 95.39
A9: 27399 | B9: 94.63
A10: 27400 | B10: 95.86
A11: 27401 | B11: 101.25
A12: 27402 | B12: 101.79
A13: 27403 | B13: 104.24
A14: 27404 | B14: 101.61
A15: 27405 | B15: 103.53
A16: 27406 | B16: 103.51
... A621: 46027 | B621: 99.02

Sheet GPRHT
A1: Data is taken from: https://www.matteoiacoviello.com/gpr_country.htm
A3: GRPH
A4: Date | B4: GPRHT
A5: 27395 | B5: 83.86
A6: 27426 | B6: 112.83
A7: 27454 | B7: 81.5
A8: 27485 | B8: 89.52
A9: 27515 | B9: 91.75
A10: 27546 | B10: 104.65
A11: 27576 | B11: 130.42
A12: 27607 | B12: 119.29
A13: 27638 | B13: 91.55
A14: 27668 | B14: 95.56
A15: 27699 | B15: 98.56
A16: 27729 | B16: 83.33
... A616: 45992 | B616: 142.11

Sheet SPX500
A1: Data is taken from: https://www.macrotrends.net/2324/sp-500-historical-chart-data
A3: GRPH
A4: Date | B4: Value
A5: 27395 | B5: 76.98
A6: 27426 | B6: 81.59
A7: 27454 | B7: 83.36
A8: 27485 | B8: 87.3
A9: 27515 | B9: 91.15
A10: 27546 | B10: 95.19
A11: 27576 | B11: 88.75
A12: 27607 | B12: 86.88
A13: 27638 | B13: 83.87
A14: 27668 | B14: 89.04
A15: 27699 | B15: 91.24
A16: 27729 | B16: 90.19
... A620: 46113 | B620: 7209.01

Sheet REGRESSION GOLD 
B1: ALL DATA EXTRACTED
B3: Independent Variable:- | E3: Dependent Variable: Gold Price
B4: 1.Interest Rate
B5: 2. Inflation Rate
B6: 3. Oil Price
B7: 4. DXY
B8: 5. GPRH
C10: Y | D10: X1 | E10: X2 | F10: X3 | G10: X4 | H10: X5 | I10: X6
B11: DATE | C11: Gold price | D11: Interest Rate | E11: Inflation Changes | F11: Oil Price | G11: DXY | H11: GPRHT | I11: SPX500 | L11: Interest Rate | M11: Inflation Changes | N11: Oil Price | O11: DXY | P11: GPRHT | Q11: SPX500
B12: 27395 | C12: 176.25 | D12: 7.5 | E12: 0.39 | F12: 11.16 | G12: 95.61 | H12: 83.855362 | I12: 76.98 | K12: Interest Rate | L12: 1
B13: 27426 | C13: 181.75 | D13: 7.39 | E13: 0.77 | F13: 11.16 | G13: 93 | H13: 112.82957 | I13: 81.59 | K13: Inflation Changes | L13: 0.33186373 | M13: 1
B14: 27454 | C14: 177.75 | D14: 7.73 | E14: 0.38 | F14: 11.16 | G14: 94.82 | H14: 81.504486 | I14: 83.36 | K14: Oil Price | L14: -0.57753328 | M14: -0.079975981 | N14: 1
B15: 27485 | C15: 167.4 | D15: 8.23 | E15: 0.38 | F15: 11.16 | G15: 95.39 | H15: 89.517914 | I15: 87.3 | K15: DXY | L15: 0.47283863 | M15: 0.0034507835 | N15: -0.37456919 | O15: 1
B16: 27515 | C16: 167.75 | D16: 8.06 | E16: 0.57 | F16: 11.16 | G16: 94.63 | H16: 91.751518 | I16: 91.15 | K16: GPRHT | L16: 0.26201117 | M16: 0.19700818 | N16: -0.0015869465 | O16: 0.16835579 | P16: 1
B17: 27546 | C17: 166 | D17: 7.86 | E17: 0.75 | F17: 11.16 | G17: 95.86 | H17: 104.65205 | I17: 95.19 | K17: SPX500 | L17: -0.62386929 | M17: -0.14306449 | N17: 0.57694065 | O17: -0.058942449 | P17: 0.090846169 | Q17: 1
B18: 27576 | C18: 166.4 | D18: 8.06 | E18: 1.12 | F18: 11.16 | G18: 101.25 | H18: 130.41939 | I18: 88.75
B19: 27607 | C19: 161.5 | D19: 8.4 | E19: 0.18 | F19: 11.16 | G19: 101.79 | H19: 119.28921 | I19: 86.88 | K19: SUMMARY OUTPUT
B20: 27638 | C20: 138.25 | D20: 8.43 | E20: 0.55 | F20: 11.16 | G20: 104.24 | H20: 91.548004 | I20: 83.87
B21: 27668 | C21: 143.4 | D21: 8.14 | E21: 0.55 | F21: 11.16 | G21: 101.61 | H21: 95.561226 | I21: 89.04 | K21: Regression Statistics
B22: 27699 | C22: 138.25 | D22: 8.05 | E22: 0.73 | F22: 11.16 | G22: 103.53 | H22: 98.560883 | I22: 91.24 | K22: Multiple R | L22: 0.93383511
B23: 27729 | C23: 140.25 | D23: 8 | E23: 0.36 | F23: 11.16 | G23: 103.51 | H23: 83.333817 | I23: 90.19 | K23: R Square | L23: 0.87204802
B24: 27760 | C24: 128 | D24: 7.74 | E24: 0.18 | F24: 11.16 | G24: 103.88 | H24: 99.605568 | I24: 100.86 | K24: Adjusted R Square | L24: 0.87077907
B25: 27791 | C25: 132.3 | D25: 7.79 | E25: 0.36 | F25: 12.03 | G25: 103.66 | H25: 61.639027 | I25: 99.71 | K25: Standard Error | L25: 249.17476
B26: 27820 | C26: 129.5 | D26: 7.73 | E26: 0.18 | F26: 12.1 | G26: 105.34 | H26: 94.420204 | I26: 102.77 | K26: Observations | L26: 612
B27: 27851 | C27: 128.15 | D27: 7.56 | E27: 0.36 | F27: 12.17 | G27: 106.23 | H27: 76.181549 | I27: 101.64
B28: 27881 | C28: 125.25 | D28: 7.9 | E28: 0.71 | F28: 12.17 | G28: 107.29 | H28: 90.447502 | I28: 100.18 | K28: ANOVA
B29: 27912 | C29: 123.8 | D29: 7.86 | E29: 0.53 | F29: 12.17 | G29: 106.64 | H29: 79.715508 | I29: 104.28 | L29: df | M29: SS | N29: MS | O29: F | P29: Significance F
B30: 27942 | C30: 112.4 | D30: 7.83 | E30: 0.53 | F30: 12.17 | G30: 106.56 | H30: 62.278923 | I30: 103.44 | K30: Regression | L30: 6 | M30: 2.5600996e+08 | N30: 42668326 | O30: 687.2227 | P30: 2.6788082e-266 | Q30: <5%
B31: 27973 | C31: 103.05 | D31: 7.77 | E31: 0.53 | F31: 12.17 | G31: 106.13 | H31: 108.76436 | I31: 102.91 | K31: Residual | L31: 605 | M31: 37563278 | N31: 62088.062
B32: 28004 | C32: 116.1 | D32: 7.59 | E32: 0.35 | F32: 13.9 | G32: 105.5 | H32: 76.601311 | I32: 105.24 | K32: Total | L32: 611 | M32: 2.9357323e+08
B33: 28034 | C33: 122.3 | D33: 7.41 | E33: 0.52 | F33: 13.9 | G33: 105.94 | H33: 85.47039 | I33: 102.9
B34: 28065 | C34: 130.1 | D34: 7.29 | E34: 0.17 | F34: 13.9 | G34: 106.19 | H34: 66.941399 | I34: 102.1 | L34: Coefficients | M34: Standard Error | N34: t Stat | O34: P-value | P34: Lower 95% | Q34: Upper 95% | R34: Lower 95.0% | S34: Upper 95.0%
B35: 28095 | C35: 134.55 | D35: 6.87 | E35: 0.34 | F35: 13.9 | G35: 104.56 | H35: 80.23188 | I35: 107.46 | K35: Intercept | L35: 242.60182 | M35: 86.223714 | N35: 2.8136322 | O35: 0.0050577059 | P35: 73.267687 | Q35: 411.93595 | R35: 73.267687 | S35: 411.93595
B36: 28126 | C36: 132.1 | D36: 7.21 | E36: 0.52 | F36: 13.9 | G36: 105.54 | H36: 78.585274 | I36: 102.03 | K36: Interest Rate | L36: 26.723719 | M36: 5.6013533 | N36: 4.7709397 | O36: 2.3010327e-06 | P36: 15.723262 | Q36: 37.724176 | R36: 15.723262 | S36: 37.724176
B37: 28157 | C37: 142.25 | D37: 7.39 | E37: 1.03 | F37: 13.9 | G37: 105.26 | H37: 84.99382 | I37: 99.82 | K37: Inflation Changes | L37: -94.522587 | M37: 30.401956 | N37: -3.1090955 | O37: 0.0019647796 | P37: -154.22877 | Q37: -34.816403 | R37: -154.22877 | S37: -34.816403
B38: 28185 | C38: 149.8 | D38: 7.46 | E38: 0.68 | F38: 13.9 | G38: 105.03 | H38: 83.106659 | I38: 98.42 | K38: Oil Price | L38: 6.3812518 | M38: 0.49018784 | N38: 13.017972 | O38: 2.4879325e-34 | P38: 5.4185754 | Q38: 7.3439282 | R38: 5.4185754 | S38: 7.3439282
B39: 28216 | C39: 146.5 | D39: 7.37 | E39: 0.84 | F39: 13.9 | G39: 104.39 | H39: 94.549332 | I39: 98.44 | K39: DXY | L39: -5.0019119 | M39: 0.91241593 | N39: -5.4820524 | O39: 6.1798541e-08 | P39: -6.793799 | Q39: -3.2100248 | R39: -6.793799 | S39: -3.2100248
B40: 28246 | C40: 143.2 | D40: 7.46 | E40: 0.5 | F40: 13.9 | G40: 104.52 | H40: 94.379166 | I40: 96.12 | K40: GPRHT | L40: 1.0702037 | M40: 0.30553353 | N40: 3.5027372 | O40: 0.00049447121 | P40: 0.47016857 | Q40: 1.6702388 | R40: 0.47016857 | S40: 1.6702388
B41: 28277 | C41: 142.95 | D41: 7.28 | E41: 0.66 | F41: 13.9 | G41: 103.84 | H41: 84.294769 | I41: 100.48 | K41: SPX500 | L41: 0.39140727 | M41: 0.011032062 | N41: 35.479069 | O41: 6.0741615e-150 | P41: 0.36974149 | Q41: 0.41307306 | R41: 0.36974149 | S41: 0.41307306
B42: 28307 | C42: 144.5 | D42: 7.33 | E42: 0.49 | F42: 13.9 | G42: 102.86 | H42: 98.000565 | I42: 98.85 | O42: P-value <5%
B43: 28338 | C43: 146 | D43: 7.4 | E43: 0.33 | F43: 14.85 | G43: 103.64 | H43: 86.044266 | I43: 96.77 | K43: EQUATION
B44: 28369 | C44: 153.9 | D44: 7.34 | E44: 0.33 | F44: 14.85 | G44: 103.21 | H44: 82.02079 | I44: 96.53 | K44: Y = 242.60 + 26.72(X1) -94.52(X2) +6.38 (X3) -5.00 (X4) + 1.07(X5) + 0.39 (X6)
B45: 28399 | C45: 160.8 | D45: 7.52 | E45: 0.33 | F45: 14.85 | G45: 100.96 | H45: 102.51348 | I45: 92.34
B46: 28430 | C46: 159.8 | D46: 7.58 | E46: 0.49 | F46: 14.85 | G46: 100.37 | H46: 89.680283 | I46: 94.83
B47: 28460 | C47: 165.6 | D47: 7.69 | E47: 0.32 | F47: 14.85 | G47: 96.44 | H47: 68.235794 | I47: 95.1
B48: 28491 | C48: 175.2 | D48: 7.96 | E48: 0.64 | F48: 14.85 | G48: 96.64 | H48: 88.527557 | I48: 89.25
B49: 28522 | C49: 182 | D49: 8.03 | E49: 0.64 | F49: 14.85 | G49: 94.6 | H49: 103.8131 | I49: 87.04
B50: 28550 | C50: 180.75 | D50: 8.04 | E50: 0.79 | F50: 14.85 | G50: 93.84 | H50: 105.5895 | I50: 89.21
B51: 28581 | C51: 170 | D51: 8.15 | E51: 0.79 | F51: 14.85 | G51: 95.62 | H51: 109.60812 | I51: 96.83
B52: 28611 | C52: 184.9 | D52: 8.35 | E52: 0.94 | F52: 14.85 | G52: 95.46 | H52: 120.57794 | I52: 97.24
B53: 28642 | C53: 183.2 | D53: 8.46 | E53: 1.09 | F53: 14.85 | G53: 93.53 | H53: 103.54788 | I53: 95.53
B54: 28672 | C54: 198.9 | D54: 8.64 | E54: 0.77 | F54: 14.85 | G54: 90.94 | H54: 102.80663 | I54: 100.68
B55: 28703 | C55: 207.3 | D55: 8.41 | E55: 0.46 | F55: 14.85 | G55: 90 | H55: 69.916779 | I55: 103.29
B56: 28734 | C56: 217.45 | D56: 8.42 | E56: 0.76 | F56: 14.85 | G56: 88.83 | H56: 67.476158 | I56: 102.54
... B623: 45992 | C623: 4322.3617 | D623: 4.14 | E623: -0.02 | F623: 57.97 | G623: 98.32 | H623: 142.10591 | I623: 6845.5
B646: RESIDUAL OUTPUT
C647: Predicted Gold price | D647: Residuals
B648: Observation | C648: 119.02073 | D648: 57.229273
B649: 1 | C649: 126.03021 | D649: 55.719787
B650: 2 | C650: 130.04518 | D650: 47.704819
B651: 3 | C651: 150.67409 | D651: 16.725905
B652: 4 | C652: 135.87055 | D652: 31.879446
B653: 5 | C653: 122.74687 | D653: 43.253129
B654: 6 | C654: 91.213593 | D654: 75.186407
B655: 7 | C655: 173.80637 | D655: -12.306365
B656: 8 | C656: 96.513162 | D656: 41.736838
B657: 9 | C657: 108.23685 | D657: 35.163148
B658: 10 | C658: 83.28532 | D658: 54.96468
B659: 11 | C659: 100.31549 | D659: 39.93451
B660: 12 | C660: 130.12109 | D660: -2.1210851
... B1259: 611 | C1259: 3064.7224 | D1259: 1257.6393
B1260: 612

Sheet REGRESSION GOLD  (2)
B1: ALL DATA EXTRACTED
B3: Independent Variable:-
B4: 1.Interest Rate
B5: 2. Inflation Rate
B6: 3. Oil Price
B7: 4. DXY
B8: 5. GPRH
C10: Y | D10: X1 | E10: X2 | F10: X3 | G10: X4 | H10: X5
B11: DATE | C11: Gold price | D11: Interest Rate | E11: Oil Price | F11: DXY | G11: GPRHT | H11: SPX500 | K11: Interest Rate | L11: Oil Price | M11: DXY | N11: GPRHT | O11: SPX500
B12: 27395 | C12: 176.25 | D12: 7.5 | E12: 11.16 | F12: 95.61 | G12: 83.855362 | H12: 76.98 | J12: Interest Rate | K12: 1
B13: 27426 | C13: 181.75 | D13: 7.39 | E13: 11.16 | F13: 93 | G13: 112.82957 | H13: 81.59 | J13: Oil Price | K13: -0.57753328 | L13: 1
B14: 27454 | C14: 177.75 | D14: 7.73 | E14: 11.16 | F14: 94.82 | G14: 81.504486 | H14: 83.36 | J14: DXY | K14: 0.47283863 | L14: -0.37456919 | M14: 1
B15: 27485 | C15: 167.4 | D15: 8.23 | E15: 11.16 | F15: 95.39 | G15: 89.517914 | H15: 87.3 | J15: GPRHT | K15: 0.26201117 | L15: -0.0015869465 | M15: 0.16835579 | N15: 1
B16: 27515 | C16: 167.75 | D16: 8.06 | E16: 11.16 | F16: 94.63 | G16: 91.751518 | H16: 91.15 | J16: SPX500 | K16: -0.62386929 | L16: 0.57694065 | M16: -0.058942449 | N16: 0.090846169 | O16: 1
B17: 27546 | C17: 166 | D17: 7.86 | E17: 11.16 | F17: 95.86 | G17: 104.65205 | H17: 95.19
B18: 27576 | C18: 166.4 | D18: 8.06 | E18: 11.16 | F18: 101.25 | G18: 130.41939 | H18: 88.75 | J18: SUMMARY OUTPUT
B19: 27607 | C19: 161.5 | D19: 8.4 | E19: 11.16 | F19: 101.79 | G19: 119.28921 | H19: 86.88
B20: 27638 | C20: 138.25 | D20: 8.43 | E20: 11.16 | F20: 104.24 | G20: 91.548004 | H20: 83.87 | J20: Regression Statistics
B21: 27668 | C21: 143.4 | D21: 8.14 | E21: 11.16 | F21: 101.61 | G21: 95.561226 | H21: 89.04 | J21: Multiple R | K21: 0.93273986
B22: 27699 | C22: 138.25 | D22: 8.05 | E22: 11.16 | F22: 103.53 | G22: 98.560883 | H22: 91.24 | J22: R Square | K22: 0.87000364
B23: 27729 | C23: 140.25 | D23: 8 | E23: 11.16 | F23: 103.51 | G23: 83.333817 | H23: 90.19 | J23: Adjusted R Square | K23: 0.86893107
B24: 27760 | C24: 128 | D24: 7.74 | E24: 11.16 | F24: 103.88 | G24: 99.605568 | H24: 100.86 | J24: Standard Error | K24: 250.95018
B25: 27791 | C25: 132.3 | D25: 7.79 | E25: 12.03 | F25: 103.66 | G25: 61.639027 | H25: 99.71 | J25: Observations | K25: 612
B26: 27820 | C26: 129.5 | D26: 7.73 | E26: 12.1 | F26: 105.34 | G26: 94.420204 | H26: 102.77
B27: 27851 | C27: 128.15 | D27: 7.56 | E27: 12.17 | F27: 106.23 | G27: 76.181549 | H27: 101.64 | J27: ANOVA
B28: 27881 | C28: 125.25 | D28: 7.9 | E28: 12.17 | F28: 107.29 | G28: 90.447502 | H28: 100.18 | K28: df | L28: SS | M28: MS | N28: F | O28: Significance F
B29: 27912 | C29: 123.8 | D29: 7.86 | E29: 12.17 | F29: 106.64 | G29: 79.715508 | H29: 104.28 | J29: Regression | K29: 5 | L29: 2.5540978e+08 | M29: 51081957 | N29: 811.13383 | O29: 1.07636e-265
B30: 27942 | C30: 112.4 | D30: 7.83 | E30: 12.17 | F30: 106.56 | G30: 62.278923 | H30: 103.44 | J30: Residual | K30: 606 | L30: 38163450 | M30: 62975.991
B31: 27973 | C31: 103.05 | D31: 7.77 | E31: 12.17 | F31: 106.13 | G31: 108.76436 | H31: 102.91 | J31: Total | K31: 611 | L31: 2.9357323e+08
B32: 28004 | C32: 116.1 | D32: 7.59 | E32: 13.9 | F32: 105.5 | G32: 76.601311 | H32: 105.24
B33: 28034 | C33: 122.3 | D33: 7.41 | E33: 13.9 | F33: 105.94 | G33: 85.47039 | H33: 102.9 | K33: Coefficients | L33: Standard Error | M33: t Stat | N33: P-value | O33: Lower 95% | P33: Upper 95% | Q33: Lower 95.0% | R33: Upper 95.0% | T33: EQUATION
B34: 28065 | C34: 130.1 | D34: 7.29 | E34: 13.9 | F34: 106.19 | G34: 66.941399 | H34: 102.1 | J34: Intercept | K34: 209.45035 | L34: 86.17152 | M34: 2.4306215 | N34: 0.015362055 | O34: 40.219279 | P34: 378.68142 | Q34: 40.219279 | R34: 378.68142 | T34: Y = 209.45 + 20.89(X1) + 6.39(X2) -4.43 (X3) +0.99 (X4) + 0.39(X5)
B35: 28095 | C35: 134.55 | D35: 6.87 | E35: 13.9 | F35: 104.56 | G35: 80.23188 | H35: 107.46 | J35: Interest Rate | K35: 20.886339 | L35: 5.3149201 | M35: 3.929756 | N35: 9.4830148e-05 | O35: 10.44844 | P35: 31.324238 | Q35: 10.44844 | R35: 31.324238
B36: 28126 | C36: 132.1 | D36: 7.21 | E36: 13.9 | F36: 105.54 | G36: 78.585274 | H36: 102.03 | J36: Oil Price | K36: 6.2967822 | L36: 0.49292166 | M36: 12.774408 | N36: 2.9266632e-33 | O36: 5.3287401 | P36: 7.2648243 | Q36: 5.3287401 | R36: 7.2648243
B37: 28157 | C37: 142.25 | D37: 7.39 | E37: 13.9 | F37: 105.26 | G37: 84.99382 | H37: 99.82 | J37: DXY | K37: -4.4341527 | L37: 0.9003246 | M37: -4.9250601 | N37: 1.08912e-06 | O37: -6.2022879 | P37: -2.6660176 | Q37: -6.2022879 | R37: -2.6660176
B38: 28185 | C38: 149.8 | D38: 7.46 | E38: 13.9 | F38: 105.03 | G38: 83.106659 | H38: 98.42 | J38: GPRHT | K38: 0.99423825 | L38: 0.30672502 | M38: 3.2414645 | N38: 0.0012543903 | O38: 0.39186519 | P38: 1.5966113 | Q38: 0.39186519 | R38: 1.5966113
B39: 28216 | C39: 146.5 | D39: 7.37 | E39: 13.9 | F39: 104.39 | G39: 94.549332 | H39: 98.44 | J39: SPX500 | K39: 0.38811174 | L39: 0.011059264 | M39: 35.093812 | N39: 4.1683744e-148 | O39: 0.3663926 | P39: 0.40983088 | Q39: 0.3663926 | R39: 0.40983088
B40: 28246 | C40: 143.2 | D40: 7.46 | E40: 13.9 | F40: 104.52 | G40: 94.379166 | H40: 96.12
B41: 28277 | C41: 142.95 | D41: 7.28 | E41: 13.9 | F41: 103.84 | G41: 84.294769 | H41: 100.48
B42: 28307 | C42: 144.5 | D42: 7.33 | E42: 13.9 | F42: 102.86 | G42: 98.000565 | H42: 98.85
B43: 28338 | C43: 146 | D43: 7.4 | E43: 14.85 | F43: 103.64 | G43: 86.044266 | H43: 96.77 | J43: RESIDUAL OUTPUT
B44: 28369 | C44: 153.9 | D44: 7.34 | E44: 14.85 | F44: 103.21 | G44: 82.02079 | H44: 96.53
B45: 28399 | C45: 160.8 | D45: 7.52 | E45: 14.85 | F45: 100.96 | G45: 102.51348 | H45: 92.34 | J45: Observation | K45: Predicted Gold price | L45: Residuals
B46: 28430 | C46: 159.8 | D46: 7.58 | E46: 14.85 | F46: 100.37 | G46: 89.680283 | H46: 94.83 | J46: 1 | K46: 125.66969 | L46: 50.58031
B47: 28460 | C47: 165.6 | D47: 7.69 | E47: 14.85 | F47: 96.44 | G47: 68.235794 | H47: 95.1 | J47: 2 | K47: 165.54179 | L47: 16.20821
B48: 28491 | C48: 175.2 | D48: 7.96 | E48: 14.85 | F48: 96.64 | G48: 88.527557 | H48: 89.25 | J48: 3 | K48: 134.11535 | L48: 43.634649
B49: 28522 | C49: 182 | D49: 8.03 | E49: 14.85 | F49: 94.6 | G49: 103.8131 | H49: 87.04 | J49: 4 | K49: 151.52747 | L49: 15.87253
B50: 28550 | C50: 180.75 | D50: 8.04 | E50: 14.85 | F50: 93.84 | G50: 105.5895 | H50: 89.21 | J50: 5 | K50: 155.06171 | L50: 12.688286
B51: 28581 | C51: 170 | D51: 8.15 | E51: 14.85 | F51: 95.62 | G51: 109.60812 | H51: 96.83 | J51: 6 | K51: 159.82461 | L51: 6.175392
B52: 28611 | C52: 184.9 | D52: 8.35 | E52: 14.85 | F52: 95.46 | G52: 120.57794 | H52: 97.24 | J52: 7 | K52: 163.22123 | L52: 3.1787704
B53: 28642 | C53: 183.2 | D53: 8.46 | E53: 14.85 | F53: 93.53 | G53: 103.54788 | H53: 95.53 | J53: 8 | K53: 156.13632 | L53: 5.3636775
B54: 28672 | C54: 198.9 | D54: 8.64 | E54: 14.85 | F54: 90.94 | G54: 102.80663 | H54: 100.68 | J54: 9 | K54: 117.14966 | L54: 21.100343
B55: 28703 | C55: 207.3 | D55: 8.41 | E55: 14.85 | F55: 90 | G55: 69.916779 | H55: 103.29 | J55: 10 | K55: 128.75108 | L55: 14.648924
B56: 28734 | C56: 217.45 | D56: 8.42 | E56: 14.85 | F56: 88.83 | G56: 67.476158 | H56: 102.54 | J56: 11 | K56: 122.19395 | L56: 16.056048
B57: 28764 | C57: 243.65 | D57: 8.64 | E57: 14.85 | F57: 83.07 | G57: 67.810852 | H57: 93.15 | J57: 12 | K57: 105.69147 | L57: 34.558531
... B623: 45992 | C623: 4322.3617 | D623: 4.14 | E623: 57.97 | F623: 98.32 | G623: 142.10591 | H623: 6845.5 | J623: 578 | K623: 1990.2975 | L623: -163.55709
J624: 579 | K624: 2016.4965 | L624: -46.950636
J625: 580 | K625: 2072.5529 | L625: -81.952858
J626: 581 | K626: 2002.839 | L626: -37.638952
J627: 582 | K627: 2138.8645 | L627: -219.29517
J628: 583 | K628: 2227.7423 | L628: -263.40364
J629: 584 | K629: 2200.9727 | L629: -261.14457
J630: 585 | K630: 2151.5259 | L630: -303.03608
J631: 586 | K631: 2170.4721 | L631: -186.46122
J632: 587 | K632: 2250.952 | L632: -206.0563
J633: 588 | K633: 2283.5267 | L633: -220.6034
J634: 589 | K634: 2310.6271 | L634: -271.47333
J635: 590 | K635: 2426.497 | L635: -382.29727
... J657: 612 | K657: 3023.0844 | L657: 1299.2773

Sheet REGRESSION GOLD 1975-2024
B1: ALL DATA EXTRACTED
B3: Independent Variable:- | D3: Dependent Variable: Gold Price
B4: 1.Interest Rate
B5: 2. Inflation Rate
B6: 3. Oil Price
B7: 4. DXY
B8: 5. GPRH
C10: Y | D10: X3 | E10: X4 | F10: X5 | G10: X6 | H10: X1 | I10: X2
B11: DATE | C11: Gold price | D11: Oil Price | E11: DXY | F11: GPRHT | G11: SPX500 | H11: Interest Rate | I11: Inflation Changes | L11: Interest Rate | M11: Inflation Changes | N11: Oil Price | O11: Oil Price | P11: GPRHT | Q11: SPX500
B12: 27395 | C12: 176.25 | D12: 11.16 | E12: 95.61 | F12: 83.855362 | G12: 76.98 | H12: 7.5 | I12: 0.39 | K12: Interest Rate | L12: 1
B13: 27426 | C13: 181.75 | D13: 11.16 | E13: 93 | F13: 112.82957 | G13: 81.59 | H13: 7.39 | I13: 0.77 | K13: Inflation Changes | L13: 0.33132365 | M13: 1
B14: 27454 | C14: 177.75 | D14: 11.16 | E14: 94.82 | F14: 81.504486 | G14: 83.36 | H14: 7.73 | I14: 0.38 | K14: Oil Price | L14: -0.57507259 | M14: -0.079022384 | N14: 1 | O14: 1
B15: 27485 | C15: 167.4 | D15: 11.16 | E15: 95.39 | F15: 89.517914 | G15: 87.3 | H15: 8.23 | I15: 0.38 | K15: DXY | L15: 0.47736574 | M15: 0.0030447475 | N15: -0.38291898 | O15: -0.38291898
B16: 27515 | C16: 167.75 | D16: 11.16 | E16: 94.63 | F16: 91.751518 | G16: 91.15 | H16: 8.06 | I16: 0.57 | K16: GPRHT | L16: 0.28471385 | M16: 0.20999041 | N16: -0.023984135 | O16: -0.023984135 | P16: 1
B17: 27546 | C17: 166 | D17: 11.16 | E17: 95.86 | F17: 104.65205 | G17: 95.19 | H17: 7.86 | I17: 0.75 | K17: SPX500 | L17: -0.67758122 | M17: -0.14469664 | N17: 0.60290619 | O17: 0.60290619 | P17: -0.0062193239 | Q17: 1
B18: 27576 | C18: 166.4 | D18: 11.16 | E18: 101.25 | F18: 130.41939 | G18: 88.75 | H18: 8.06 | I18: 1.12
B19: 27607 | C19: 161.5 | D19: 11.16 | E19: 101.79 | F19: 119.28921 | G19: 86.88 | H19: 8.4 | I19: 0.18 | K19: SUMMARY OUTPUT
B20: 27638 | C20: 138.25 | D20: 11.16 | E20: 104.24 | F20: 91.548004 | G20: 83.87 | H20: 8.43 | I20: 0.55
B21: 27668 | C21: 143.4 | D21: 11.16 | E21: 101.61 | F21: 95.561226 | G21: 89.04 | H21: 8.14 | I21: 0.55 | K21: Regression Statistics
B22: 27699 | C22: 138.25 | D22: 11.16 | E22: 103.53 | F22: 98.560883 | G22: 91.24 | H22: 8.05 | I22: 0.73 | K22: Multiple R | L22: 0.92675731
B23: 27729 | C23: 140.25 | D23: 11.16 | E23: 103.51 | F23: 83.333817 | G23: 90.19 | H23: 8 | I23: 0.36 | K23: R Square | L23: 0.85887911
B24: 27760 | C24: 128 | D24: 11.16 | E24: 103.88 | F24: 99.605568 | G24: 100.86 | H24: 7.74 | I24: 0.18 | K24: Adjusted R Square | L24: 0.85745125
B25: 27791 | C25: 132.3 | D25: 12.03 | E25: 103.66 | F25: 61.639027 | G25: 99.71 | H25: 7.79 | I25: 0.36 | K25: Standard Error | L25: 219.82366
B26: 27820 | C26: 129.5 | D26: 12.1 | E26: 105.34 | F26: 94.420204 | G26: 102.77 | H26: 7.73 | I26: 0.18 | K26: Observations | L26: 600
B27: 27851 | C27: 128.15 | D27: 12.17 | E27: 106.23 | F27: 76.181549 | G27: 101.64 | H27: 7.56 | I27: 0.36
B28: 27881 | C28: 125.25 | D28: 12.17 | E28: 107.29 | F28: 90.447502 | G28: 100.18 | H28: 7.9 | I28: 0.71 | K28: ANOVA
B29: 27912 | C29: 123.8 | D29: 12.17 | E29: 106.64 | F29: 79.715508 | G29: 104.28 | H29: 7.86 | I29: 0.53 | L29: df | M29: SS | N29: MS | O29: F | P29: Significance F
B30: 27942 | C30: 112.4 | D30: 12.17 | E30: 106.56 | F30: 62.278923 | G30: 103.44 | H30: 7.83 | I30: 0.53 | K30: Regression | L30: 6 | M30: 1.7439913e+08 | N30: 29066522 | O30: 601.51185 | P30: 2.3418762e-248
B31: 27973 | C31: 103.05 | D31: 12.17 | E31: 106.13 | F31: 108.76436 | G31: 102.91 | H31: 7.77 | I31: 0.53 | K31: Residual | L31: 593 | M31: 28655209 | N31: 48322.443
B32: 28004 | C32: 116.1 | D32: 13.9 | E32: 105.5 | F32: 76.601311 | G32: 105.24 | H32: 7.59 | I32: 0.35 | K32: Total | L32: 599 | M32: 2.0305434e+08
B33: 28034 | C33: 122.3 | D33: 13.9 | E33: 105.94 | F33: 85.47039 | G33: 102.9 | H33: 7.41 | I33: 0.52
B34: 28065 | C34: 130.1 | D34: 13.9 | E34: 106.19 | F34: 66.941399 | G34: 102.1 | H34: 7.29 | I34: 0.17 | L34: Coefficients | M34: Standard Error | N34: t Stat | O34: P-value | P34: Lower 95% | Q34: Upper 95% | R34: Lower 95.0% | S34: Upper 95.0%
B35: 28095 | C35: 134.55 | D35: 13.9 | E35: 104.56 | F35: 80.23188 | G35: 107.46 | H35: 6.87 | I35: 0.34 | K35: Intercept | L35: 188.57556 | M35: 76.258331 | N35: 2.4728519 | O35: 0.013683229 | P35: 38.806294 | Q35: 338.34482 | R35: 38.806294 | S35: 338.34482
B36: 28126 | C36: 132.1 | D36: 13.9 | E36: 105.54 | F36: 78.585274 | G36: 102.03 | H36: 7.21 | I36: 0.52 | K36: Interest Rate | L36: 4.5982014 | M36: 5.2298941 | N36: 0.879215 | O36: 0.37964084 | P36: -5.6731668 | Q36: 14.86957 | R36: -5.6731668 | S36: 14.86957
B37: 28157 | C37: 142.25 | D37: 13.9 | E37: 105.26 | F37: 84.99382 | G37: 99.82 | H37: 7.39 | I37: 1.03 | K37: Inflation Changes | L37: -46.390058 | M37: 27.101913 | N37: -1.7116894 | O37: 0.087476788 | P37: -99.61747 | Q37: 6.837353 | R37: -99.61747 | S37: 6.837353
B38: 28185 | C38: 149.8 | D38: 13.9 | E38: 105.03 | F38: 83.106659 | G38: 98.42 | H38: 7.46 | I38: 0.68 | K38: Oil Price | L38: 7.526549 | M38: 0.44110154 | N38: 17.063076 | O38: 2.0938337e-53 | P38: 6.6602377 | Q38: 8.3928603 | R38: 6.6602377 | S38: 8.3928603
B39: 28216 | C39: 146.5 | D39: 13.9 | E39: 104.39 | F39: 94.549332 | G39: 98.44 | H39: 7.37 | I39: 0.84 | K39: DXY | L39: -2.5525587 | M39: 0.82624758 | N39: -3.0893388 | O39: 0.0020999463 | P39: -4.1752862 | Q39: -0.92983118 | R39: -4.1752862 | S39: -0.92983118
B40: 28246 | C40: 143.2 | D40: 13.9 | E40: 104.52 | F40: 94.379166 | G40: 96.12 | H40: 7.46 | I40: 0.5 | K40: GPRHT | L40: 0.89844929 | M40: 0.27298547 | N40: 3.2911982 | O40: 0.0010568568 | P40: 0.36231333 | Q40: 1.4345852 | R40: 0.36231333 | S40: 1.4345852
B41: 28277 | C41: 142.95 | D41: 13.9 | E41: 103.84 | F41: 84.294769 | G41: 100.48 | H41: 7.28 | I41: 0.66 | K41: SPX500 | L41: 0.30286726 | M41: 0.011938426 | N41: 25.369112 | O41: 1.0518766e-96 | P41: 0.27942052 | Q41: 0.326314 | R41: 0.27942052 | S41: 0.326314
B42: 28307 | C42: 144.5 | D42: 13.9 | E42: 102.86 | F42: 98.000565 | G42: 98.85 | H42: 7.33 | I42: 0.49
B43: 28338 | C43: 146 | D43: 14.85 | E43: 103.64 | F43: 86.044266 | G43: 96.77 | H43: 7.4 | I43: 0.33
B44: 28369 | C44: 153.9 | D44: 14.85 | E44: 103.21 | F44: 82.02079 | G44: 96.53 | H44: 7.34 | I44: 0.33 | K44: SUMMARY OUTPUT
B45: 28399 | C45: 160.8 | D45: 14.85 | E45: 100.96 | F45: 102.51348 | G45: 92.34 | H45: 7.52 | I45: 0.33
B46: 28430 | C46: 159.8 | D46: 14.85 | E46: 100.37 | F46: 89.680283 | G46: 94.83 | H46: 7.58 | I46: 0.49 | K46: Regression Statistics
B47: 28460 | C47: 165.6 | D47: 14.85 | E47: 96.44 | F47: 68.235794 | G47: 95.1 | H47: 7.69 | I47: 0.32 | K47: Multiple R | L47: 0.92636983
B48: 28491 | C48: 175.2 | D48: 14.85 | E48: 96.64 | F48: 88.527557 | G48: 89.25 | H48: 7.96 | I48: 0.64 | K48: R Square | L48: 0.85816106
B49: 28522 | C49: 182 | D49: 14.85 | E49: 94.6 | F49: 103.8131 | G49: 87.04 | H49: 8.03 | I49: 0.64 | K49: Adjusted R Square | L49: 0.85720752
B50: 28550 | C50: 180.75 | D50: 14.85 | E50: 93.84 | F50: 105.5895 | G50: 89.21 | H50: 8.04 | I50: 0.79 | K50: Standard Error | L50: 220.01151
B51: 28581 | C51: 170 | D51: 14.85 | E51: 95.62 | F51: 109.60812 | G51: 96.83 | H51: 8.15 | I51: 0.79 | K51: Observations | L51: 600
B52: 28611 | C52: 184.9 | D52: 14.85 | E52: 95.46 | F52: 120.57794 | G52: 97.24 | H52: 8.35 | I52: 0.94
B53: 28642 | C53: 183.2 | D53: 14.85 | E53: 93.53 | F53: 103.54788 | G53: 95.53 | H53: 8.46 | I53: 1.09 | K53: ANOVA
B54: 28672 | C54: 198.9 | D54: 14.85 | E54: 90.94 | F54: 102.80663 | G54: 100.68 | H54: 8.64 | I54: 0.77 | L54: df | M54: SS | N54: MS | O54: F | P54: Significance F
B55: 28703 | C55: 207.3 | D55: 14.85 | E55: 90 | F55: 69.916779 | G55: 103.29 | H55: 8.41 | I55: 0.46 | K55: Regression | L55: 4 | M55: 1.7425333e+08 | N55: 43563332 | O55: 899.97467 | P55: 1.1692607e-250 | Q55: <5%
B56: 28734 | C56: 217.45 | D56: 14.85 | E56: 88.83 | F56: 67.476158 | G56: 102.54 | H56: 8.42 | I56: 0.76 | K56: Residual | L56: 595 | M56: 28801013 | N56: 48405.064
B57: 28764 | C57: 243.65 | D57: 14.85 | E57: 83.07 | F57: 67.810852 | G57: 93.15 | H57: 8.64 | I57: 0.9 | K57: Total | L57: 599 | M57: 2.0305434e+08
B58: 28795 | C58: 193.7 | D58: 14.85 | E58: 90.22 | F58: 95.563385 | G58: 94.7 | H58: 8.81 | I58: 0.45
B59: 28825 | C59: 224.5 | D59: 14.85 | E59: 86.5 | F59: 102.59396 | G59: 96.11 | H59: 9.01 | I59: 0.45 | L59: Coefficients | M59: Standard Error | N59: t Stat | O59: P-value | P59: Lower 95% | Q59: Upper 95% | R59: Lower 95.0% | S59: Upper 95.0%
B60: 28856 | C60: 233.05 | D60: 14.85 | E60: 88.86 | F60: 99.48938 | G60: 99.93 | H60: 9.1 | I60: 0.89 | K60: Intercept | L60: 169.00217 | M60: 75.198098 | N60: 2.2474261 | O60: 0.024978383 | P60: 21.316187 | Q60: 316.68814 | R60: 21.316187 | S60: 316.68814
B61: 28887 | C61: 250.9 | D61: 15.85 | E61: 88.18 | F61: 116.59624 | G61: 96.28 | H61: 9.1 | I61: 1.17 | J61: 1 | K61: Oil Price | L61: 7.4934218 | M61: 0.43959666 | N61: 17.04613 | O61: 2.3709069e-53 | P61: 6.630072 | Q61: 8.3567716 | R61: 6.630072 | S61: 8.3567716
B62: 28915 | C62: 239.65 | D62: 15.85 | E62: 88.53 | F62: 111.36182 | G62: 101.59 | H62: 9.12 | I62: 1.01 | J62: 2 | K62: DXY | L62: -2.1201511 | M62: 0.70029302 | N62: -3.02752 | O62: 0.0025724089 | P62: -3.4954979 | Q62: -0.74480435 | R62: -3.4954979 | S62: -0.74480435
B63: 28946 | C63: 243.45 | D63: 15.85 | E63: 89.98 | F63: 110.29475 | G63: 101.76 | H63: 9.18 | I63: 1.15 | J63: 3 | K63: GPRHT | L63: 0.88666365 | M63: 0.25432068 | N63: 3.4864002 | O63: 0.00052564773 | P63: 0.38718827 | Q63: 1.386139 | R63: 0.38718827 | S63: 1.386139
B64: 28976 | C64: 277.15 | D64: 18.1 | E64: 90.53 | F64: 100.08645 | G64: 99.08 | H64: 9.25 | I64: 1.27 | J64: 4 | K64: SPX500 | L64: 0.29768629 | M64: 0.0090688366 | N64: 32.825191 | O64: 1.1953007e-135 | P64: 0.27987547 | Q64: 0.31549711 | R64: 0.27987547 | S64: 0.31549711
B65: 29007 | C65: 276.45 | D65: 19.1 | E65: 87.85 | F65: 126.82825 | G65: 102.91 | H65: 8.91 | I65: 1.12 | O65: <5%
B66: 29037 | C66: 295.35 | D66: 21.75 | E66: 87.31 | F66: 96.521324 | G66: 103.81 | H66: 8.95 | I66: 1.11 | K66: REGRESSION EQUATION
B67: 29068 | C67: 317.75 | D67: 26.5 | E67: 87.19 | F67: 77.2826 | G67: 109.32 | H67: 9.03 | I67: 0.96 | K67: Y= 169 + 7.49(X3) - 2.12(X4) + 0.89(X5) + 0.30(X6)
B68: 29099 | C68: 397 | D68: 28.5 | E68: 85.45 | F68: 103.75216 | G68: 109.32 | H68: 9.33 | I68: 1.08
B69: 29129 | C69: 379.75 | D69: 29 | E69: 88.95 | F69: 121.21986 | G69: 101.82 | H69: 10.3 | I69: 0.8 | K69: Date | L69: Actual | M69: Prediction | N69: Error | O69: Absolute Error
B70: 29160 | C70: 417.2 | D70: 31 | E70: 86.79 | F70: 116.07775 | G70: 106.16 | H70: 10.65 | I70: 0.93 | K70: 45658 | L70: 2798.1968 | M70: =$L$60+'REGRESSION GOLD 1975-2024'!$L$61*'OIL '!B605+'REGRESSION GOLD 1975-2024'!$L$62*DXY!B605+'REGRESSION GOLD 1975-2024'!$L$63*GPRHT!B605+'REGRESSION GOLD 1975-2024'!$L$64*'SPX500'!B605 -> 2404.9829 | N70: =L70-M70 -> 393.21388 | O70: =ABS(N70) -> 393.21388
B71: 29190 | C71: 524 | D71: 32.5 | E71: 85.82 | F71: 138.39842 | G71: 107.94 | H71: 10.39 | I71: 1.05 | K71: 45689 | L71: 2876.208 | M71: =$L$60+'REGRESSION GOLD 1975-2024'!$L$61*'OIL '!B606+'REGRESSION GOLD 1975-2024'!$L$62*DXY!B606+'REGRESSION GOLD 1975-2024'!$L$63*GPRHT!B606+'REGRESSION GOLD 1975-2024'!$L$64*'SPX500'!B606 -> 2344.9682 | N71: =L71-M71 -> 531.23981 | O71: =ABS(N71) -> 531.23981
B72: 29221 | C72: 668 | D72: 32.5 | E72: 86.14 | F72: 239.99292 | G72: 114.16 | H72: 10.8 | I72: 1.43 | K72: 45717 | L72: 3086.3435 | M72: =$L$60+'REGRESSION GOLD 1975-2024'!$L$61*'OIL '!B607+'REGRESSION GOLD 1975-2024'!$L$62*DXY!B607+'REGRESSION GOLD 1975-2024'!$L$63*GPRHT!B607+'REGRESSION GOLD 1975-2024'!$L$64*'SPX500'!B607 -> 2257.6538 | N72: =L72-M72 -> 828.68967 | O72: =ABS(N72) -> 828.68967
B73: 29252 | C73: 640 | D73: 37 | E73: 87.65 | F73: 155.40662 | G73: 113.66 | H73: 12.41 | I73: 1.41 | K73: 45748 | L73: 3273.5046 | M73: =$L$60+'REGRESSION GOLD 1975-2024'!$L$61*'OIL '!B608+'REGRESSION GOLD 1975-2024'!$L$62*DXY!B608+'REGRESSION GOLD 1975-2024'!$L$63*GPRHT!B608+'REGRESSION GOLD 1975-2024'!$L$64*'SPX500'!B608 -> 2220.0123 | N73: =L73-M73 -> 1053.4923 | O73: =ABS(N73) -> 1053.4923
B74: 29281 | C74: 503.25 | D74: 38 | E74: 93.58 | F74: 124.67373 | G74: 102.09 | H74: 12.75 | I74: 1.52 | K74: 45778 | L74: 3289.5548 | M74: =$L$60+'REGRESSION GOLD 1975-2024'!$L$61*'OIL '!B609+'REGRESSION GOLD 1975-2024'!$L$62*DXY!B609+'REGRESSION GOLD 1975-2024'!$L$63*GPRHT!B609+'REGRESSION GOLD 1975-2024'!$L$64*'SPX500'!B609 -> 2351.0348 | N74: =L74-M74 -> 938.51998 | O74: =ABS(N74) -> 938.51998
B75: 29312 | C75: 519.25 | D75: 39.5 | E75: 88.11 | F75: 181.85075 | G75: 106.29 | H75: 11.47 | I75: 1.12 | K75: 45809 | L75: 3266.4101 | M75: =$L$60+'REGRESSION GOLD 1975-2024'!$L$61*'OIL '!B610+'REGRESSION GOLD 1975-2024'!$L$62*DXY!B610+'REGRESSION GOLD 1975-2024'!$L$63*GPRHT!B610+'REGRESSION GOLD 1975-2024'!$L$64*'SPX500'!B610 -> 2532.184 | N75: =L75-M75 -> 734.22611 | O75: =ABS(N75) -> 734.22611
B76: 29342 | C76: 531.4 | D76: 39.5 | E76: 85.93 | F76: 121.63941 | G76: 111.24 | H76: 10.18 | I76: 0.99 | K76: 45839 | L76: 3285.7772 | M76: =$L$60+'REGRESSION GOLD 1975-2024'!$L$61*'OIL '!B611+'REGRESSION GOLD 1975-2024'!$L$62*DXY!B611+'REGRESSION GOLD 1975-2024'!$L$63*GPRHT!B611+'REGRESSION GOLD 1975-2024'!$L$64*'SPX500'!B611 -> 2477.8113 | N76: =L76-M76 -> 807.96594 | O76: =ABS(N76) -> 807.96594
B77: 29373 | C77: 662.5 | D77: 39.5 | E77: 85.2 | F77: 114.37309 | G77: 114.24 | H77: 9.78 | I77: 1.1 | K77: 45870 | L77: 3415.7672 | M77: =$L$60+'REGRESSION GOLD 1975-2024'!$L$61*'OIL '!B612+'REGRESSION GOLD 1975-2024'!$L$62*DXY!B612+'REGRESSION GOLD 1975-2024'!$L$63*GPRHT!B612+'REGRESSION GOLD 1975-2024'!$L$64*'SPX500'!B612 -> 2530.0696 | N77: =L77-M77 -> 885.69757 | O77: =ABS(N77) -> 885.69757
B78: 29403 | C78: 618 | D78: 39.5 | E78: 86.08 | F78: 83.976509 | G78: 121.67 | H78: 10.25 | I78: 0 | K78: 45901 | L78: 3836.2342 | M78: =$L$60+'REGRESSION GOLD 1975-2024'!$L$61*'OIL '!B613+'REGRESSION GOLD 1975-2024'!$L$62*DXY!B613+'REGRESSION GOLD 1975-2024'!$L$63*GPRHT!B613+'REGRESSION GOLD 1975-2024'!$L$64*'SPX500'!B613 -> 2575.5779 | N78: =L78-M78 -> 1260.6563 | O78: =ABS(N78) -> 1260.6563
B79: 29434 | C79: 633.75 | D79: 38 | E79: 85.85 | F79: 95.423714 | G79: 122.38 | H79: 11.1 | I79: 0.73 | K79: 45931 | L79: 4002.7699 | M79: =$L$60+'REGRESSION GOLD 1975-2024'!$L$61*'OIL '!B614+'REGRESSION GOLD 1975-2024'!$L$62*DXY!B614+'REGRESSION GOLD 1975-2024'!$L$63*GPRHT!B614+'REGRESSION GOLD 1975-2024'!$L$64*'SPX500'!B614 -> 2596.7863 | N79: =L79-M79 -> 1405.9836 | O79: =ABS(N79) -> 1405.9836
B80: 29465 | C80: 670 | D80: 36 | E80: 86.02 | F80: 147.70671 | G80: 125.46 | H80: 11.51 | I80: 0.84 | K80: 45962 | L80: 4217.3637 | M80: =$L$60+'REGRESSION GOLD 1975-2024'!$L$61*'OIL '!B615+'REGRESSION GOLD 1975-2024'!$L$62*DXY!B615+'REGRESSION GOLD 1975-2024'!$L$63*GPRHT!B615+'REGRESSION GOLD 1975-2024'!$L$64*'SPX500'!B615 -> 2552.7111 | N80: =L80-M80 -> 1664.6526 | O80: =ABS(N80) -> 1664.6526
B81: 29495 | C81: 636 | D81: 36 | E81: 88.38 | F81: 157.21671 | G81: 127.47 | H81: 11.75 | I81: 0.95 | K81: 45992 | L81: 4322.3617 | M81: =$L$60+'REGRESSION GOLD 1975-2024'!$L$61*'OIL '!B616+'REGRESSION GOLD 1975-2024'!$L$62*DXY!B616+'REGRESSION GOLD 1975-2024'!$L$63*GPRHT!B616+'REGRESSION GOLD 1975-2024'!$L$64*'SPX500'!B616 -> 2558.7578 | N81: =L81-M81 -> 1763.6039 | O81: =ABS(N81) -> 1763.6039
B82: 29526 | C82: 621.5 | D82: 36 | E82: 90.01 | F82: 124.79424 | G82: 140.52 | H82: 12.68 | I82: 0.83
B83: 29556 | C83: 589.5 | D83: 37 | E83: 90.39 | F83: 135.87674 | G83: 135.76 | H83: 12.84 | I83: 0.94 | N83: MAE | O83: =AVERAGE(O70:O81) -> 1022.3285
B84: 29587 | C84: 507.5 | D84: 38 | E84: 95.24 | F84: 141.42093 | G84: 129.55 | H84: 12.57 | I84: 0.81
B85: 29618 | C85: 490.25 | D85: 38 | E85: 97.06 | F85: 134.68703 | G85: 131.27 | H85: 13.19 | I85: 1.03
B86: 29646 | C86: 514.25 | D86: 38 | E86: 96.76 | F86: 109.99925 | G86: 136 | H86: 13.12 | I86: 0.68
B87: 29677 | C87: 481 | D87: 38 | E87: 100.45 | F87: 138.06546 | G87: 132.81 | H87: 13.68 | I87: 0.68
B88: 29707 | C88: 478.75 | D88: 38 | E88: 104.95 | F88: 139.18396 | G88: 132.59 | H88: 14.1 | I88: 0.79
B89: 29738 | C89: 421.5 | D89: 36 | E89: 107.71 | F89: 181.10503 | G89: 131.21 | H89: 13.47 | I89: 0.89
B90: 29768 | C90: 405.25 | D90: 36 | E90: 111.72 | F90: 104.53255 | G90: 130.92 | H90: 14.28 | I90: 1.1
B91: 29799 | C91: 425.5 | D91: 36 | E91: 110.28 | F91: 116.9252 | G91: 122.79 | H91: 14.94 | I91: 0.76
B92: 29830 | C92: 426.5 | D92: 36 | E92: 107.73 | F92: 118.03626 | G92: 116.18 | H92: 15.32 | I92: 0.98
B93: 29860 | C93: 429 | D93: 35 | E93: 106.13 | F93: 123.00665 | G93: 121.89 | H93: 15.15 | I93: 0.21
B94: 29891 | C94: 415.5 | D94: 36 | E94: 103.18 | F94: 176.85617 | G94: 126.35 | H94: 13.39 | I94: 0.32
B95: 29921 | C95: 400 | D95: 35 | E95: 104.69 | F95: 199.61577 | G95: 122.55 | H95: 13.72 | I95: 0.32
... B515: 42705 | C515: 1151.7 | D515: 51.97 | E515: 102.21 | F515: 88.754967 | G515: 2238.83 | H515: 2.49 | I515: 0.03
B516: 42736 | C516: 1211.4 | D516: 52.5 | E516: 99.51 | F516: 105.40646 | G516: 2278.87 | H516: 2.43 | I516: 0.58 | K516: Predicted Gold price | L516: Residuals
B517: 42767 | C517: 1253.9 | D517: 53.47 | E517: 101.12 | F517: 129.24968 | G517: 2363.64 | H517: 2.42 | I517: 0.31 | K517: 147.1885 | L517: 29.061503
B518: 42795 | C518: 1251.2 | D518: 49.33 | E518: 100.35 | F518: 93.509369 | G518: 2362.72 | H518: 2.48 | I518: 0.08 | K518: 179.7848 | L518: 1.9652001
B519: 42826 | C519: 1268.3 | D519: 51.06 | E519: 99.05 | F519: 114.95816 | G519: 2384.2 | H519: 2.3 | I519: 0.3 | K519: 148.67822 | L519: 29.071781
B520: 42856 | C520: 1275.4 | D520: 48.48 | E520: 96.92 | F520: 92.24379 | G520: 2411.8 | H520: 2.3 | I520: 0.09 | K520: 155.74783 | L520: 11.652168
B521: 42887 | C521: 1242.3 | D521: 45.18 | E521: 95.63 | F521: 120.51964 | G521: 2423.41 | H521: 2.19 | I521: 0.09 | K521: 160.48569 | L521: 7.2643051
...

Sheet CHART GOLD

Sheet REGRESSION SILVER 1975-2024
B1: ALL DATA EXTRACTED
B3: Independent Variable:- | E3: Dependent Variable: Gold Price
B4: 1.Interest Rate
B5: 2. Inflation Rate
B6: 3. Oil Price
B7: 4. DXY
B8: 5. GPRH
C10: Y | D10: X2 | E10: X3 | F10: X6 | G10: X1 | H10: X5 | I10: X4
B11: DATE | C11: Silver Price | D11: Inflation Changes | E11: Oil Price | F11: SPX500 | G11: Interest Rate | H11: GPRHT | I11: DXY | L11: Interest Rate | M11: Inflation Changes | N11: Oil Price | O11: Oil Price | P11: GPRHT | Q11: SPX500
B12: 27395 | C12: 4.15 | D12: 0.39 | E12: 11.16 | F12: 76.98 | G12: 7.5 | H12: 83.855362 | I12: 95.61 | K12: Interest Rate | L12: 1
B13: 27426 | C13: 4.42 | D13: 0.77 | E13: 11.16 | F13: 81.59 | G13: 7.39 | H13: 112.82957 | I13: 93 | K13: Inflation Changes | L13: 0.33132365 | M13: 1
B14: 27454 | C14: 4.28 | D14: 0.38 | E14: 11.16 | F14: 83.36 | G14: 7.73 | H14: 81.504486 | I14: 94.82 | K14: Oil Price | L14: -0.57507259 | M14: -0.079022384 | N14: 1 | O14: 1
B15: 27485 | C15: 4.43 | D15: 0.38 | E15: 11.16 | F15: 87.3 | G15: 8.23 | H15: 89.517914 | I15: 95.39 | K15: DXY | L15: 0.47736574 | M15: 0.0030447475 | N15: -0.38291898 | O15: -0.38291898
B16: 27515 | C16: 4.53 | D16: 0.57 | E16: 11.16 | F16: 91.15 | G16: 8.06 | H16: 91.751518 | I16: 94.63 | K16: GPRHT | L16: 0.28471385 | M16: 0.20999041 | N16: -0.023984135 | O16: -0.023984135 | P16: 1
B17: 27546 | C17: 4.57 | D17: 0.75 | E17: 11.16 | F17: 95.19 | G17: 7.86 | H17: 104.65205 | I17: 95.86 | K17: SPX500 | L17: -0.67758122 | M17: -0.14469664 | N17: 0.60290619 | O17: 0.60290619 | P17: -0.0062193239 | Q17: 1
B18: 27576 | C18: 5 | D18: 1.12 | E18: 11.16 | F18: 88.75 | G18: 8.06 | H18: 130.41939 | I18: 101.25
B19: 27607 | C19: 4.63 | D19: 0.18 | E19: 11.16 | F19: 86.88 | G19: 8.4 | H19: 119.28921 | I19: 101.79 | K19: SUMMARY OUTPUT
B20: 27638 | C20: 4.44 | D20: 0.55 | E20: 11.16 | F20: 83.87 | G20: 8.43 | H20: 91.548004 | I20: 104.24
B21: 27668 | C21: 4.19 | D21: 0.55 | E21: 11.16 | F21: 89.04 | G21: 8.14 | H21: 95.561226 | I21: 101.61 | K21: Regression Statistics
B22: 27699 | C22: 4.23 | D22: 0.73 | E22: 11.16 | F22: 91.24 | G22: 8.05 | H22: 98.560883 | I22: 103.53 | K22: Multiple R | L22: 0.83473601
B23: 27729 | C23: 4.18 | D23: 0.36 | E23: 11.16 | F23: 90.19 | G23: 8 | H23: 83.333817 | I23: 103.51 | K23: R Square | L23: 0.69678421
B24: 27760 | C24: 4.01 | D24: 0.18 | E24: 11.16 | F24: 100.86 | G24: 7.74 | H24: 99.605568 | I24: 103.88 | K24: Adjusted R Square | L24: 0.69371626
B25: 27791 | C25: 4.16 | D25: 0.36 | E25: 12.03 | F25: 99.71 | G25: 7.79 | H25: 61.639027 | I25: 103.66 | K25: Standard Error | L25: 4.6720332
B26: 27820 | C26: 4.11 | D26: 0.18 | E26: 12.1 | F26: 102.77 | G26: 7.73 | H26: 94.420204 | I26: 105.34 | K26: Observations | L26: 600
B27: 27851 | C27: 4.43 | D27: 0.36 | E27: 12.17 | F27: 101.64 | G27: 7.56 | H27: 76.181549 | I27: 106.23
B28: 27881 | C28: 4.62 | D28: 0.71 | E28: 12.17 | F28: 100.18 | G28: 7.9 | H28: 90.447502 | I28: 107.29 | K28: ANOVA
B29: 27912 | C29: 4.83 | D29: 0.53 | E29: 12.17 | F29: 104.28 | G29: 7.86 | H29: 79.715508 | I29: 106.64 | L29: df | M29: SS | N29: MS | O29: F | P29: Significance F
B30: 27942 | C30: 4.54 | D30: 0.53 | E30: 12.17 | F30: 103.44 | G30: 7.83 | H30: 62.278923 | I30: 106.56 | K30: Regression | L30: 6 | M30: 29744.935 | N30: 4957.4891 | O30: 227.11715 | P30: 4.7236857e-150
B31: 27973 | C31: 4.11 | D31: 0.53 | E31: 12.17 | F31: 102.91 | G31: 7.77 | H31: 108.76436 | I31: 106.13 | K31: Residual | L31: 593 | M31: 12943.941 | N31: 21.827894
B32: 28004 | C32: 4.39 | D32: 0.35 | E32: 13.9 | F32: 105.24 | G32: 7.59 | H32: 76.601311 | I32: 105.5 | K32: Total | L32: 599 | M32: 42688.876
B33: 28034 | C33: 4.27 | D33: 0.52 | E33: 13.9 | F33: 102.9 | G33: 7.41 | H33: 85.47039 | I33: 105.94
B34: 28065 | C34: 4.28 | D34: 0.17 | E34: 13.9 | F34: 102.1 | G34: 7.29 | H34: 66.941399 | I34: 106.19 | L34: Coefficients | M34: Standard Error | N34: t Stat | O34: P-value | P34: Lower 95% | Q34: Upper 95% | R34: Lower 95.0% | S34: Upper 95.0%
B35: 28095 | C35: 4.36 | D35: 0.34 | E35: 13.9 | F35: 107.46 | G35: 6.87 | H35: 80.23188 | I35: 104.56 | K35: Intercept | L35: 3.6636286 | M35: 1.6207602 | N35: 2.2604383 | O35: 0.024155833 | P35: 0.48050007 | Q35: 6.8467571 | R35: 0.48050007 | S35: 6.8467571
B36: 28126 | C36: 4.45 | D36: 0.52 | E36: 13.9 | F36: 102.03 | G36: 7.21 | H36: 78.585274 | I36: 105.54 | K36: Interest Rate | L36: 0.21193204 | M36: 0.11115382 | N36: 1.9066555 | O36: 0.057048241 | P36: -0.0063709991 | Q36: 0.43023507 | R36: -0.0063709991 | S36: 0.43023507
B37: 28157 | C37: 4.73 | D37: 1.03 | E37: 13.9 | F37: 99.82 | G37: 7.39 | H37: 84.99382 | I37: 105.26 | K37: Inflation Changes | L37: 1.6351952 | M37: 0.57601186 | N37: 2.838822 | O37: 0.0046831576 | P37: 0.50392371 | Q37: 2.7664666 | R37: 0.50392371 | S37: 2.7664666
B38: 28185 | C38: 4.83 | D38: 0.68 | E38: 13.9 | F38: 98.42 | G38: 7.46 | H38: 83.106659 | I38: 105.03 | K38: Oil Price | L38: 0.19115369 | M38: 0.0093749735 | N38: 20.389784 | O38: 1.9788878e-70 | P38: 0.1727415 | Q38: 0.20956588 | R38: 0.1727415 | S38: 0.20956588
B39: 28216 | C39: 4.71 | D39: 0.84 | E39: 13.9 | F39: 98.44 | G39: 7.37 | H39: 94.549332 | I39: 104.39 | K39: DXY | L39: -0.046555369 | M39: 0.017560694 | N39: -2.6511121 | O39: 0.0082370937 | P39: -0.08104409 | Q39: -0.012066649 | R39: -0.08104409 | S39: -0.012066649
B40: 28246 | C40: 4.56 | D40: 0.5 | E40: 13.9 | F40: 96.12 | G40: 7.46 | H40: 94.379166 | I40: 104.52 | K40: GPRHT | L40: 0.00086295447 | M40: 0.0058019103 | N40: 0.14873626 | O40: 0.88181231 | P40: -0.010531838 | Q40: 0.012257747 | R40: -0.010531838 | S40: 0.012257747
B41: 28277 | C41: 4.51 | D41: 0.66 | E41: 13.9 | F41: 100.48 | G41: 7.28 | H41: 84.294769 | I41: 103.84 | K41: SPX500 | L41: 0.0020846991 | M41: 0.00025373393 | N41: 8.2160833 | O41: 1.3241921e-15 | P41: 0.0015863726 | Q41: 0.0025830256 | R41: 0.0015863726 | S41: 0.0025830256
B42: 28307 | C42: 4.52 | D42: 0.49 | E42: 13.9 | F42: 98.85 | G42: 7.33 | H42: 98.000565 | I42: 102.86
B43: 28338 | C43: 4.45 | D43: 0.33 | E43: 14.85 | F43: 96.77 | G43: 7.4 | H43: 86.044266 | I43: 103.64
B44: 28369 | C44: 4.65 | D44: 0.33 | E44: 14.85 | F44: 96.53 | G44: 7.34 | H44: 82.02079 | I44: 103.21 | K44: SUMMARY OUTPUT
B45: 28399 | C45: 4.85 | D45: 0.33 | E45: 14.85 | F45: 92.34 | G45: 7.52 | H45: 102.51348 | I45: 100.96
B46: 28430 | C46: 4.74 | D46: 0.49 | E46: 14.85 | F46: 94.83 | G46: 7.58 | H46: 89.680283 | I46: 100.37 | K46: Regression Statistics
B47: 28460 | C47: 4.76 | D47: 0.32 | E47: 14.85 | F47: 95.1 | G47: 7.69 | H47: 68.235794 | I47: 96.44 | K47: Multiple R | L47: 0.8334448
B48: 28491 | C48: 4.95 | D48: 0.64 | E48: 14.85 | F48: 89.25 | G48: 7.96 | H48: 88.527557 | I48: 96.64 | K48: R Square | L48: 0.69463024
B49: 28522 | C49: 4.97 | D49: 0.64 | E49: 14.85 | F49: 87.04 | G49: 8.03 | H49: 103.8131 | I49: 94.6 | K49: Adjusted R Square | L49: 0.69257733
B50: 28550 | C50: 5.35 | D50: 0.79 | E50: 14.85 | F50: 89.21 | G50: 8.04 | H50: 105.5895 | I50: 93.84 | K50: Standard Error | L50: 4.6807117
B51: 28581 | C51: 5 | D51: 0.79 | E51: 14.85 | F51: 96.83 | G51: 8.15 | H51: 109.60812 | I51: 95.62 | K51: Observations | L51: 600
B52: 28611 | C52: 5.47 | D52: 0.94 | E52: 14.85 | F52: 97.24 | G52: 8.35 | H52: 120.57794 | I52: 95.46
B53: 28642 | C53: 5.28 | D53: 1.09 | E53: 14.85 | F53: 95.53 | G53: 8.46 | H53: 103.54788 | I53: 93.53 | K53: ANOVA
B54: 28672 | C54: 5.57 | D54: 0.77 | E54: 14.85 | F54: 100.68 | G54: 8.64 | H54: 102.80663 | I54: 90.94 | L54: df | M54: SS | N54: MS | O54: F | P54: Significance F
B55: 28703 | C55: 5.53 | D55: 0.46 | E55: 14.85 | F55: 103.29 | G55: 8.41 | H55: 69.916779 | I55: 90 | K55: Regression | L55: 4 | M55: 29652.984 | N55: 7413.246 | O55: 338.36437 | P55: 1.1300101e-151
B56: 28734 | C56: 5.67 | D56: 0.76 | E56: 14.85 | F56: 102.54 | G56: 8.42 | H56: 67.476158 | I56: 88.83 | K56: Residual | L56: 595 | M56: 13035.892 | N56: 21.909062
B57: 28764 | C57: 6.26 | D57: 0.9 | E57: 14.85 | F57: 93.15 | G57: 8.64 | H57: 67.810852 | I57: 83.07 | K57: Total | L57: 599 | M57: 42688.876
B58: 28795 | C58: 5.91 | D58: 0.45 | E58: 14.85 | F58: 94.7 | G58: 8.81 | H58: 95.563385 | I58: 90.22
B59: 28825 | C59: 6.02 | D59: 0.45 | E59: 14.85 | F59: 96.11 | G59: 9.01 | H59: 102.59396 | I59: 86.5 | L59: Coefficients | M59: Standard Error | N59: t Stat | O59: P-value | P59: Lower 95% | Q59: Upper 95% | R59: Lower 95.0% | S59: Upper 95.0%
B60: 28856 | C60: 6.71 | D60: 0.89 | E60: 14.85 | F60: 99.93 | G60: 9.1 | H60: 99.48938 | I60: 88.86 | K60: Intercept | L60: 3.3901405 | M60: 1.5864503 | N60: 2.1369346 | O60: 0.033010458 | P60: 0.27441727 | Q60: 6.5058638 | R60: 0.27441727 | S60: 6.5058638
B61: 28887 | C61: 7.69 | D61: 1.17 | E61: 15.85 | F61: 96.28 | G61: 9.1 | H61: 116.59624 | I61: 88.18 | K61: Inflation Changes | L61: 2.1102209 | M61: 0.52740243 | N61: 4.0011589 | O61: 7.0983761e-05 | P61: 1.0744242 | Q61: 3.1460177 | R61: 1.0744242 | S61: 3.1460177
B62: 28915 | C62: 7.45 | D62: 1.01 | E62: 15.85 | F62: 101.59 | G62: 9.12 | H62: 111.36182 | I62: 88.53 | K62: Oil Price | L62: 0.18985663 | M62: 0.0093410263 | N62: 20.325028 | O62: 3.826328e-70 | P62: 0.17151123 | Q62: 0.20820202 | R62: 0.17151123 | S62: 0.20820202
B63: 28946 | C63: 7.65 | D63: 1.15 | E63: 15.85 | F63: 101.76 | G63: 9.18 | H63: 110.29475 | I63: 89.98 | K63: DXY | L63: -0.026763492 | M63: 0.01467148 | N63: -1.8241849 | O63: 0.068625523 | P63: -0.055577676 | Q63: 0.0020506922 | R63: -0.055577676 | S63: 0.0020506922
B64: 28976 | C64: 8.77 | D64: 1.27 | E64: 18.1 | F64: 99.08 | G64: 9.25 | H64: 100.08645 | I64: 90.53 | K64: SPX500 | L64: 0.0017729787 | M64: 0.00019425568 | N64: 9.1270364 | O64: 1.0841917e-18 | P64: 0.0013914685 | Q64: 0.0021544888 | R64: 0.0013914685 | S64: 0.0021544888
B65: 29007 | C65: 8.54 | D65: 1.12 | E65: 19.1 | F65: 102.91 | G65: 8.91 | H65: 126.82825 | I65: 87.85
B66: 29037 | C66: 9.08 | D66: 1.11 | E66: 21.75 | F66: 103.81 | G66: 8.95 | H66: 96.521324 | I66: 87.31
B67: 29068 | C67: 10.32 | D67: 0.96 | E67: 26.5 | F67: 109.32 | G67: 9.03 | H67: 77.2826 | I67: 87.19 | K67: SUMMARY OUTPUT
B68: 29099 | C68: 16.25 | D68: 1.08 | E68: 28.5 | F68: 109.32 | G68: 9.33 | H68: 103.75216 | I68: 85.45
B69: 29129 | C69: 16.6 | D69: 0.8 | E69: 29 | F69: 101.82 | G69: 10.3 | H69: 121.21986 | I69: 88.95 | K69: Regression Statistics
B70: 29160 | C70: 19 | D70: 0.93 | E70: 31 | F70: 106.16 | G70: 10.65 | H70: 116.07775 | I70: 86.79 | K70: Multiple R | L70: 0.8324196
B71: 29190 | C71: 32.2 | D71: 1.05 | E71: 32.5 | F71: 107.94 | G71: 10.39 | H71: 138.39842 | I71: 85.82 | K71: R Square | L71: 0.6929224
B72: 29221 | C72: 35.28 | D72: 1.43 | E72: 32.5 | F72: 114.16 | G72: 10.8 | H72: 239.99292 | I72: 86.14 | K72: Adjusted R Square | L72: 0.6913767
B73: 29252 | C73: 35.52 | D73: 1.41 | E73: 37 | F73: 113.66 | G73: 12.41 | H73: 155.40662 | I73: 87.65 | K73: Standard Error | L73: 4.689843
B74: 29281 | C74: 13.49 | D74: 1.52 | E74: 38 | F74: 102.09 | G74: 12.75 | H74: 124.67373 | I74: 93.58 | K74: Observations | L74: 600
B75: 29312 | C75: 13.83 | D75: 1.12 | E75: 39.5 | F75: 106.29 | G75: 11.47 | H75: 181.85075 | I75: 88.11
B76: 29342 | C76: 13.7 | D76: 0.99 | E76: 39.5 | F76: 111.24 | G76: 10.18 | H76: 121.63941 | I76: 85.93 | K76: ANOVA
B77: 29373 | C77: 16.75 | D77: 1.1 | E77: 39.5 | F77: 114.24 | G77: 9.78 | H77: 114.37309 | I77: 85.2 | L77: df | M77: SS | N77: MS | O77: F | P77: Significance F
B78: 29403 | C78: 15.78 | D78: 0 | E78: 39.5 | F78: 121.67 | G78: 10.25 | H78: 83.976509 | I78: 86.08 | K78: Regression | L78: 3 | M78: 29580.078 | N78: 9860.0261 | O78: 448.29249 | P78: 2.5746557e-152 | Q78: <5%
B79: 29434 | C79: 16.06 | D79: 0.73 | E79: 38 | F79: 122.38 | G79: 11.1 | H79: 95.423714 | I79: 85.85 | K79: Residual | L79: 596 | M79: 13108.798 | N79: 21.994627
B80: 29465 | C80: 20.5 | D80: 0.84 | E80: 36 | F80: 125.46 | G80: 11.51 | H80: 147.70671 | I80: 86.02 | K80: Total | L80: 599 | M80: 42688.876
B81: 29495 | C81: 18.88 | D81: 0.95 | E81: 36 | F81: 127.47 | G81: 11.75 | H81: 157.21671 | I81: 88.38
B82: 29526 | C82: 18.42 | D82: 0.83 | E82: 36 | F82: 140.52 | G82: 12.68 | H82: 124.79424 | I82: 90.01 | L82: Coefficients | M82: Standard Error | N82: t Stat | O82: P-value | P82: Lower 95% | Q82: Upper 95% | R82: Lower 95.0% | S82: Upper 95.0%
B83: 29556 | C83: 15.5 | D83: 0.94 | E83: 37 | F83: 135.76 | G83: 12.84 | H83: 135.87674 | I83: 90.39 | K83: Intercept | L83: 0.58622945 | M83: 0.39347653 | N83: 1.4898715 | O83: 0.13678703 | P83: -0.18653967 | Q83: 1.3589986 | R83: -0.18653967 | S83: 1.3589986
B84: 29587 | C84: 13.15 | D84: 0.81 | E84: 38 | F84: 129.55 | G84: 12.57 | H84: 141.42093 | I84: 95.24 | J84: 1 | K84: Inflation Changes | L84: 2.1162751 | M84: 0.52842084 | N84: 4.0049046 | O84: 6.9883752e-05 | P84: 1.0784818 | Q84: 3.1540684 | R84: 1.0784818 | S84: 3.1540684
B85: 29618 | C85: 12.53 | D85: 1.03 | E85: 38 | F85: 131.27 | G85: 13.19 | H85: 134.68703 | I85: 97.06 | J85: 2 | K85: Oil Price | L85: 0.19691101 | M85: 0.0085195265 | N85: 23.112906 | O85: 7.2181004e-85 | P85: 0.18017907 | Q85: 0.21364296 | R85: 0.18017907 | S85: 0.21364296
B86: 29646 | C86: 12.33 | D86: 0.68 | E86: 38 | F86: 136 | G86: 13.12 | H86: 109.99925 | I86: 96.76 | J86: 3 | K86: SPX500 | L86: 0.0017057094 | M86: 0.00019109544 | N86: 8.9259555 | O86: 5.432817e-18 | P86: 0.0013304071 | Q86: 0.0020810117 | R86: 0.0013304071 | S86: 0.0020810117
B87: 29677 | C87: 11.07 | D87: 0.68 | E87: 38 | F87: 132.81 | G87: 13.68 | H87: 138.06546 | I87: 100.45 | O87: <5%
B88: 29707 | C88: 10.59 | D88: 0.79 | E88: 38 | F88: 132.59 | G88: 14.1 | H88: 139.18396 | I88: 104.95
B89: 29738 | C89: 8.3 | D89: 0.89 | E89: 36 | F89: 131.21 | G89: 13.47 | H89: 181.10503 | I89: 107.71 | K89: REGRESSION EQUATION
B90: 29768 | C90: 8.51 | D90: 1.1 | E90: 36 | F90: 130.92 | G90: 14.28 | H90: 104.53255 | I90: 111.72 | K90: Y= 0.59 + 2.12(X2) + 0.20(X3) + 0.00 (X6)
B91: 29799 | C91: 9.15 | D91: 0.76 | E91: 36 | F91: 122.79 | G91: 14.94 | H91: 116.9252 | I91: 110.28
B92: 29830 | C92: 8.95 | D92: 0.98 | E92: 36 | F92: 116.18 | G92: 15.32 | H92: 118.03626 | I92: 107.73 | K92: Date | L92: Actual | M92: Prediction | N92: Error | O92: Absolute Error
B93: 29860 | C93: 9.12 | D93: 0.21 | E93: 35 | F93: 121.89 | G93: 15.15 | H93: 123.00665 | I93: 106.13 | K93: 45658 | L93: 31.3118 | M93: =$L$83+$L$84*'INFLATION RATE'!B605+'REGRESSION SILVER 1975-2024'!$L$85*'OIL '!B605+'REGRESSION SILVER 1975-2024'!$L$86*'SPX500'!B605 -> 27.179237 | N93: =L93-M93 -> 4.132563 | O93: =ABS(N93) -> 4.132563
B94: 29891 | C94: 8.27 | D94: 0.32 | E94: 36 | F94: 126.35 | G94: 13.39 | H94: 176.85617 | I94: 103.18 | K94: 45689 | L94: 31.2277 | M94: =$L$83+$L$84*'INFLATION RATE'!B606+'REGRESSION SILVER 1975-2024'!$L$85*'OIL '!B606+'REGRESSION SILVER 1975-2024'!$L$86*'SPX500'!B606 -> 25.759082 | N94: =L94-M94 -> 5.4686183 | O94: =ABS(N94) -> 5.4686183
B95: 29921 | C95: 8.15 | D95: 0.32 | E95: 35 | F95: 122.55 | G95: 13.72 | H95: 199.61577 | I95: 104.69 | K95: 45717 | L95: 34.1992 | M95: =$L$83+$L$84*'INFLATION RATE'!B607+'REGRESSION SILVER 1975-2024'!$L$85*'OIL '!B607+'REGRESSION SILVER 1975-2024'!$L$86*'SPX500'!B607 -> 24.061203 | N95: =L95-M95 -> 10.137997 | O95: =ABS(N95) -> 10.137997
B96: 29952 | C96: 8.28 | D96: 0.32 | E96: 33.85 | F96: 120.4 | G96: 14.59 | H96: 176.23053 | I96: 108.03 | K96: 45748 | L96: 32.6308 | M96: =$L$83+$L$84*'INFLATION RATE'!B608+'REGRESSION SILVER 1975-2024'!$L$85*'OIL '!B608+'REGRESSION SILVER 1975-2024'!$L$86*'SPX500'!B608 -> 23.253198 | N96: =L96-M96 -> 9.3776017 | O96: =ABS(N96) -> 9.3776017
B97: 29983 | C97: 7.84 | D97: 0.32 | E97: 31.56 | F97: 113.11 | G97: 14.43 | H97: 147.50061 | I97: 111.93 | K97: 45778 | L97: 32.9896 | M97: =$L$83+$L$84*'INFLATION RATE'!B609+'REGRESSION SILVER 1975-2024'!$L$85*'OIL '!B609+'REGRESSION SILVER 1975-2024'!$L$86*'SPX500'!B609 -> 23.35623 | N97: =L97-M97 -> 9.6333701 | O97: =ABS(N97) -> 9.6333701
B98: 30011 | C98: 7.06 | D98: -0.11 | E98: 28.48 | F98: 111.96 | G98: 13.86 | H98: 167.21423 | I98: 114.73 | K98: 45809 | L98: 35.7821 | M98: =$L$83+$L$84*'INFLATION RATE'!B610+'REGRESSION SILVER 1975-2024'!$L$85*'OIL '!B610+'REGRESSION SILVER 1975-2024'!$L$86*'SPX500'!B610 -> 25.313028 | N98: =L98-M98 -> 10.469072 | O98: =ABS(N98) -> 10.469072
B99: 30042 | C99: 7.06 | D99: 0.42 | E99: 33.45 | F99: 116.44 | G99: 13.87 | H99: 274.43744 | I99: 111.6 | K99: 45839 | L99: 37.1164 | M99: =$L$83+$L$84*'INFLATION RATE'!B611+'REGRESSION SILVER 1975-2024'!$L$85*'OIL '!B611+'REGRESSION SILVER 1975-2024'!$L$86*'SPX500'!B611 -> 25.183572 | N99: =L99-M99 -> 11.932828 | O99: =ABS(N99) -> 11.932828
B100: 30072 | C100: 6.36 | D100: 0.95 | E100: 35.93 | F100: 111.88 | G100: 13.62 | H100: 242.19096 | I100: 112.79 | K100: 45870 | L100: 39.015 | M100: =$L$83+$L$84*'INFLATION RATE'!B612+'REGRESSION SILVER 1975-2024'!$L$85*'OIL '!B612+'REGRESSION SILVER 1975-2024'!$L$86*'SPX500'!B612 -> 24.990924 | N100: =L100-M100 -> 14.024076 | O100: =ABS(N100) -> 14.024076
B101: 30103 | C101: 5.73 | D101: 1.25 | E101: 35.07 | F101: 109.61 | G101: 14.3 | H101: 213.537 | I101: 119.04 | K101: 45901 | L101: 46.861 | M101: =$L$83+$L$84*'INFLATION RATE'!B613+'REGRESSION SILVER 1975-2024'!$L$85*'OIL '!B613+'REGRESSION SILVER 1975-2024'!$L$86*'SPX500'!B613 -> 25.118296 | N101: =L101-M101 -> 21.742704 | O101: =ABS(N101) -> 21.742704
B102: 30133 | C102: 6.64 | D102: 0.52 | E102: 34.16 | F102: 107.09 | G102: 13.95 | H102: 169.59544 | I102: 119.05 | K102: 45931 | L102: 48.6932 | M102: =$L$83+$L$84*'INFLATION RATE'!B614+'REGRESSION SILVER 1975-2024'!$L$85*'OIL '!B614+'REGRESSION SILVER 1975-2024'!$L$86*'SPX500'!B614 -> 23.799116 | N102: =L102-M102 -> 24.894084 | O102: =ABS(N102) -> 24.894084
...

Sheet CHART GOLD 1975-2024

Sheet CHART SILVER 1975-2024

Sheet REGRESSION SILVER
B1: ALL DATA EXTRACTED
B3: Independent Variable:- | E3: Dependent Variable: Gold Price
B4: 1.Interest Rate
B5: 2. Inflation Rate
B6: 3. Oil Price
B7: 4. DXY
B8: 5. GPRH
C10: Y | D10: X1 | E10: X3 | F10: X4 | G10: X6 | H10: X2 | I10: X5
B11: DATE | C11: Silver Price | D11: Interest Rate | E11: Oil Price | F11: DXY | G11: SPX500 | H11: Inflation Changes | I11: GPRHT | L11: Interest Rate | M11: Inflation Changes | N11: Oil Price | O11: DXY | P11: GPRHT | Q11: SPX500
B12: 27395 | C12: 4.15 | D12: 7.5 | E12: 11.16 | F12: 95.61 | G12: 76.98 | H12: 0.39 | I12: 83.855362 | K12: Interest Rate | L12: 1
B13: 27426 | C13: 4.42 | D13: 7.39 | E13: 11.16 | F13: 93 | G13: 81.59 | H13: 0.77 | I13: 112.82957 | K13: Inflation Changes | L13: 0.33186373 | M13: 1
B14: 27454 | C14: 4.28 | D14: 7.73 | E14: 11.16 | F14: 94.82 | G14: 83.36 | H14: 0.38 | I14: 81.504486 | K14: Oil Price | L14: -0.57753328 | M14: -0.079975981 | N14: 1
B15: 27485 | C15: 4.43 | D15: 8.23 | E15: 11.16 | F15: 95.39 | G15: 87.3 | H15: 0.38 | I15: 89.517914 | K15: DXY | L15: 0.47283863 | M15: 0.0034507835 | N15: -0.37456919 | O15: 1
B16: 27515 | C16: 4.53 | D16: 8.06 | E16: 11.16 | F16: 94.63 | G16: 91.15 | H16: 0.57 | I16: 91.751518 | K16: GPRHT | L16: 0.26201117 | M16: 0.19700818 | N16: -0.0015869465 | O16: 0.16835579 | P16: 1
B17: 27546 | C17: 4.57 | D17: 7.86 | E17: 11.16 | F17: 95.86 | G17: 95.19 | H17: 0.75 | I17: 104.65205 | K17: SPX500 | L17: -0.62386929 | M17: -0.14306449 | N17: 0.57694065 | O17: -0.058942449 | P17: 0.090846169 | Q17: 1
B18: 27576 | C18: 5 | D18: 8.06 | E18: 11.16 | F18: 101.25 | G18: 88.75 | H18: 1.12 | I18: 130.41939
B19: 27607 | C19: 4.63 | D19: 8.4 | E19: 11.16 | F19: 101.79 | G19: 86.88 | H19: 0.18 | I19: 119.28921 | K19: SUMMARY OUTPUT
B20: 27638 | C20: 4.44 | D20: 8.43 | E20: 11.16 | F20: 104.24 | G20: 83.87 | H20: 0.55 | I20: 91.548004
B21: 27668 | C21: 4.19 | D21: 8.14 | E21: 11.16 | F21: 101.61 | G21: 89.04 | H21: 0.55 | I21: 95.561226 | K21: Regression Statistics
B22: 27699 | C22: 4.23 | D22: 8.05 | E22: 11.16 | F22: 103.53 | G22: 91.24 | H22: 0.73 | I22: 98.560883 | K22: Multiple R | L22: 0.83848192
B23: 27729 | C23: 4.18 | D23: 8 | E23: 11.16 | F23: 103.51 | G23: 90.19 | H23: 0.36 | I23: 83.333817 | K23: R Square | L23: 0.70305193
B24: 27760 | C24: 4.01 | D24: 7.74 | E24: 11.16 | F24: 103.88 | G24: 100.86 | H24: 0.18 | I24: 99.605568 | K24: Adjusted R Square | L24: 0.70010699
B25: 27791 | C25: 4.16 | D25: 7.79 | E25: 12.03 | F25: 103.66 | G25: 99.71 | H25: 0.36 | I25: 61.639027 | K25: Standard Error | L25: 5.1866084
B26: 27820 | C26: 4.11 | D26: 7.73 | E26: 12.1 | F26: 105.34 | G26: 102.77 | H26: 0.18 | I26: 94.420204 | K26: Observations | L26: 612
B27: 27851 | C27: 4.43 | D27: 7.56 | E27: 12.17 | F27: 106.23 | G27: 101.64 | H27: 0.36 | I27: 76.181549
B28: 27881 | C28: 4.62 | D28: 7.9 | E28: 12.17 | F28: 107.29 | G28: 100.18 | H28: 0.71 | I28: 90.447502 | K28: ANOVA
B29: 27912 | C29: 4.83 | D29: 7.86 | E29: 12.17 | F29: 106.64 | G29: 104.28 | H29: 0.53 | I29: 79.715508 | L29: df | M29: SS | N29: MS | O29: F | P29: Significance F
B30: 27942 | C30: 4.54 | D30: 7.83 | E30: 12.17 | F30: 106.56 | G30: 103.44 | H30: 0.53 | I30: 62.278923 | K30: Regression | L30: 6 | M30: 38532.679 | N30: 6422.1132 | O30: 238.73222 | P30: 7.0105317e-156 | Q30: <5%
B31: 27973 | C31: 4.11 | D31: 7.77 | E31: 12.17 | F31: 106.13 | G31: 102.91 | H31: 0.53 | I31: 108.76436 | K31: Residual | L31: 605 | M31: 16275.049 | N31: 26.900907
B32: 28004 | C32: 4.39 | D32: 7.59 | E32: 13.9 | F32: 105.5 | G32: 105.24 | H32: 0.35 | I32: 76.601311 | K32: Total | L32: 611 | M32: 54807.728
B33: 28034 | C33: 4.27 | D33: 7.41 | E33: 13.9 | F33: 105.94 | G33: 102.9 | H33: 0.52 | I33: 85.47039
B34: 28065 | C34: 4.28 | D34: 7.29 | E34: 13.9 | F34: 106.19 | G34: 102.1 | H34: 0.17 | I34: 66.941399 | L34: Coefficients | M34: Standard Error | N34: t Stat | O34: P-value | P34: Lower 95% | Q34: Upper 95% | R34: Lower 95.0% | S34: Upper 95.0%
B35: 28095 | C35: 4.36 | D35: 6.87 | E35: 13.9 | F35: 104.56 | G35: 107.46 | H35: 0.34 | I35: 80.23188 | K35: Intercept | L35: 4.8455222 | M35: 1.794759 | N35: 2.6998178 | O35: 0.0071317748 | P35: 1.3208079 | Q35: 8.3702364 | R35: 1.3208079 | S35: 8.3702364
B36: 28126 | C36: 4.45 | D36: 7.21 | E36: 13.9 | F36: 105.54 | G36: 102.03 | H36: 0.52 | I36: 78.585274 | K36: Interest Rate | L36: 0.58294452 | M36: 0.11659297 | N36: 4.9998255 | O36: 7.5263499e-07 | P36: 0.35396842 | Q36: 0.81192062 | R36: 0.35396842 | S36: 0.81192062
B37: 28157 | C37: 4.73 | D37: 7.39 | E37: 13.9 | F37: 105.26 | G37: 99.82 | H37: 1.03 | I37: 84.99382 | K37: Inflation Changes | L37: 0.72864982 | M37: 0.63282108 | N37: 1.151431 | O37: 0.25000979 | P37: -0.51414296 | Q37: 1.9714426 | R37: -0.51414296 | S37: 1.9714426
B38: 28185 | C38: 4.83 | D38: 7.46 | E38: 13.9 | F38: 105.03 | G38: 98.42 | H38: 0.68 | I38: 83.106659 | K38: Oil Price | L38: 0.17163659 | M38: 0.01020333 | N38: 16.821624 | O38: 2.2317832e-52 | P38: 0.15159834 | Q38: 0.19167483 | R38: 0.15159834 | S38: 0.19167483
B39: 28216 | C39: 4.71 | D39: 7.37 | E39: 13.9 | F39: 104.39 | G39: 98.44 | H39: 0.84 | I39: 94.549332 | K39: DXY | L39: -0.088675926 | M39: 0.018992068 | N39: -4.6691031 | O39: 3.7290887e-06 | P39: -0.12597431 | Q39: -0.051377539 | R39: -0.12597431 | S39: -0.051377539
B40: 28246 | C40: 4.56 | D40: 7.46 | E40: 13.9 | F40: 104.52 | G40: 96.12 | H40: 0.5 | I40: 94.379166 | K40: GPRHT | L40: 0.0027011894 | M40: 0.0063597243 | N40: 0.42473372 | O40: 0.67118181 | P40: -0.0097886275 | Q40: 0.015191006 | R40: -0.0097886275 | S40: 0.015191006
B41: 28277 | C41: 4.51 | D41: 7.28 | E41: 13.9 | F41: 103.84 | G41: 100.48 | H41: 0.66 | I41: 84.294769 | K41: SPX500 | L41: 0.0035326544 | M41: 0.00022963394 | N41: 15.383851 | O41: 2.5779817e-45 | P41: 0.003081678 | Q41: 0.0039836309 | R41: 0.003081678 | S41: 0.0039836309
B42: 28307 | C42: 4.52 | D42: 7.33 | E42: 13.9 | F42: 102.86 | G42: 98.85 | H42: 0.49 | I42: 98.000565 | O42: P-value <5%
B43: 28338 | C43: 4.45 | D43: 7.4 | E43: 14.85 | F43: 103.64 | G43: 96.77 | H43: 0.33 | I43: 86.044266
B44: 28369 | C44: 4.65 | D44: 7.34 | E44: 14.85 | F44: 103.21 | G44: 96.53 | H44: 0.33 | I44: 82.02079 | K44: SUMMARY OUTPUT
B45: 28399 | C45: 4.85 | D45: 7.52 | E45: 14.85 | F45: 100.96 | G45: 92.34 | H45: 0.33 | I45: 102.51348
B46: 28430 | C46: 4.74 | D46: 7.58 | E46: 14.85 | F46: 100.37 | G46: 94.83 | H46: 0.49 | I46: 89.680283 | K46: Regression Statistics
B47: 28460 | C47: 4.76 | D47: 7.69 | E47: 14.85 | F47: 96.44 | G47: 95.1 | H47: 0.32 | I47: 68.235794 | K47: Multiple R | L47: 0.83801507
B48: 28491 | C48: 4.95 | D48: 7.96 | E48: 14.85 | F48: 96.64 | G48: 89.25 | H48: 0.64 | I48: 88.527557 | K48: R Square | L48: 0.70226926
B49: 28522 | C49: 4.97 | D49: 8.03 | E49: 14.85 | F49: 94.6 | G49: 87.04 | H49: 0.64 | I49: 103.8131 | K49: Adjusted R Square | L49: 0.70030728
B50: 28550 | C50: 5.35 | D50: 8.04 | E50: 14.85 | F50: 93.84 | G50: 89.21 | H50: 0.79 | I50: 105.5895 | K50: Standard Error | L50: 5.1848762
B51: 28581 | C51: 5 | D51: 8.15 | E51: 14.85 | F51: 95.62 | G51: 96.83 | H51: 0.79 | I51: 109.60812 | K51: Observations | L51: 612
B52: 28611 | C52: 5.47 | D52: 8.35 | E52: 14.85 | F52: 95.46 | G52: 97.24 | H52: 0.94 | I52: 120.57794
B53: 28642 | C53: 5.28 | D53: 8.46 | E53: 14.85 | F53: 93.53 | G53: 95.53 | H53: 1.09 | I53: 103.54788 | K53: ANOVA
B54: 28672 | C54: 5.57 | D54: 8.64 | E54: 14.85 | F54: 90.94 | G54: 100.68 | H54: 0.77 | I54: 102.80663 | L54: df | M54: SS | N54: MS | O54: F | P54: Significance F
B55: 28703 | C55: 5.53 | D55: 8.41 | E55: 14.85 | F55: 90 | G55: 103.29 | H55: 0.46 | I55: 69.916779 | K55: Regression | L55: 4 | M55: 38489.783 | N55: 9622.4457 | O55: 357.93873 | P55: 4.3269256e-158 | Q55: <5%
B56: 28734 | C56: 5.67 | D56: 8.42 | E56: 14.85 | F56: 88.83 | G56: 102.54 | H56: 0.76 | I56: 67.476158 | K56: Residual | L56: 607 | M56: 16317.945 | N56: 26.882941
B57: 28764 | C57: 6.26 | D57: 8.64 | E57: 14.85 | F57: 83.07 | G57: 93.15 | H57: 0.9 | I57: 67.810852 | K57: Total | L57: 611 | M57: 54807.728
B58: 28795 | C58: 5.91 | D58: 8.81 | E58: 14.85 | F58: 90.22 | G58: 94.7 | H58: 0.45 | I58: 95.563385
B59: 28825 | C59: 6.02 | D59: 9.01 | E59: 14.85 | F59: 86.5 | G59: 96.11 | H59: 0.45 | I59: 102.59396 | L59: Coefficients | M59: Standard Error | N59: t Stat | O59: P-value | P59: Lower 95% | Q59: Upper 95% | R59: Lower 95.0% | S59: Upper 95.0% | U59: EQUATION
B60: 28856 | C60: 6.71 | D60: 9.1 | E60: 14.85 | F60: 88.86 | G60: 99.93 | H60: 0.89 | I60: 99.48938 | K60: Intercept | L60: 5.2923042 | M60: 1.7417922 | N60: 3.0384246 | O60: 0.0024804113 | P60: 1.8716337 | Q60: 8.7129747 | R60: 1.8716337 | S60: 8.7129747 | U60: Y = 5.29 + 0.65(X1) + 0.17(X3) - 0.09 (X4) + 0.004 (X6)
B61: 28887 | C61: 7.69 | D61: 9.1 | E61: 15.85 | F61: 88.18 | G61: 96.28 | H61: 1.17 | I61: 116.59624 | K61: Interest Rate | L61: 0.64997928 | M61: 0.10125896 | N61: 6.4189806 | O61: 2.7670933e-10 | P61: 0.45111886 | Q61: 0.84883971 | R61: 0.45111886 | S61: 0.84883971
B62: 28915 | C62: 7.45 | D62: 9.12 | E62: 15.85 | F62: 88.53 | G62: 101.59 | H62: 1.01 | I62: 111.36182 | K62: Oil Price | L62: 0.17264473 | M62: 0.010160957 | N62: 16.99099 | O62: 2.964055e-53 | P62: 0.15268983 | Q62: 0.19259963 | R62: 0.15268983 | S62: 0.19259963 | U62: PREDICTION APRIL
B63: 28946 | C63: 7.65 | D63: 9.18 | E63: 15.85 | F63: 89.98 | G63: 101.76 | H63: 1.15 | I63: 110.29475 | K63: DXY | L63: -0.093525216 | M63: 0.018579257 | N63: -5.0338513 | O63: 6.3444213e-07 | P63: -0.13001264 | Q63: -0.057037788 | R63: -0.13001264 | S63: -0.057037788 | U63: Predict Value = 45.16
B64: 28976 | C64: 8.77 | D64: 9.25 | E64: 18.1 | F64: 90.53 | G64: 99.08 | H64: 1.27 | I64: 100.08645 | K64: SPX500 | L64: 0.00359226 | M64: 0.00021877288 | N64: 16.420043 | O64: 2.0866628e-50 | P64: 0.0031626164 | Q64: 0.0040219036 | R64: 0.0031626164 | S64: 0.0040219036 | U64: Actual Value = 74.34
B65: 29007 | C65: 8.54 | D65: 8.91 | E65: 19.1 | F65: 87.85 | G65: 102.91 | H65: 1.12 | I65: 126.82825
B66: 29037 | C66: 9.08 | D66: 8.95 | E66: 21.75 | F66: 87.31 | G66: 103.81 | H66: 1.11 | I66: 96.521324 | U66: Differences = 29.18
B67: 29068 | C67: 10.32 | D67: 9.03 | E67: 26.5 | F67: 87.19 | G67: 109.32 | H67: 0.96 | I67: 77.2826 | U67: Error % = 64.61
B68: 29099 | C68: 16.25 | D68: 9.33 | E68: 28.5 | F68: 85.45 | G68: 109.32 | H68: 1.08 | I68: 103.75216 | K68: RESIDUAL OUTPUT
B69: 29129 | C69: 16.6 | D69: 10.3 | E69: 29 | F69: 88.95 | G69: 101.82 | H69: 0.8 | I69: 121.21986
B70: 29160 | C70: 19 | D70: 10.65 | E70: 31 | F70: 86.79 | G70: 106.16 | H70: 0.93 | I70: 116.07775 | K70: Observation | L70: Predicted Silver Price | M70: Residuals
B71: 29190 | C71: 32.2 | D71: 10.39 | E71: 32.5 | F71: 85.82 | G71: 107.94 | H71: 1.05 | I71: 138.39842 | K71: 1 | L71: 3.4284503 | M71: 0.72154972
B72: 29221 | C72: 35.28 | D72: 10.8 | E72: 32.5 | F72: 86.14 | G72: 114.16 | H72: 1.43 | I72: 239.99292 | K72: 2 | L72: 3.6176137 | M72: 0.8023863
B73: 29252 | C73: 35.52 | D73: 12.41 | E73: 37 | F73: 87.65 | G73: 113.66 | H73: 1.41 | I73: 155.40662 | K73: 3 | L73: 3.6747491 | M73: 0.60525094
B74: 29281 | C74: 13.49 | D74: 12.75 | E74: 38 | F74: 93.58 | G74: 102.09 | H74: 1.52 | I74: 124.67373 | K74: 4 | L74: 3.9605828 | M74: 0.46941717
B75: 29312 | C75: 13.83 | D75: 11.47 | E75: 39.5 | F75: 88.11 | G75: 106.29 | H75: 1.12 | I75: 181.85075 | K75: 5 | L75: 3.9349957 | M75: 0.59500428
B76: 29342 | C76: 13.7 | D76: 10.18 | E76: 39.5 | F76: 85.93 | G76: 111.24 | H76: 0.99 | I76: 121.63941 | K76: 6 | L76: 3.7044766 | M76: 0.86552342
B77: 29373 | C77: 16.75 | D77: 9.78 | E77: 39.5 | F77: 85.2 | G77: 114.24 | H77: 1.1 | I77: 114.37309 | K77: 7 | L77: 3.3072374 | M77: 1.6927626
B78: 29403 | C78: 15.78 | D78: 10.25 | E78: 39.5 | F78: 86.08 | G78: 121.67 | H78: 0 | I78: 83.976509 | K78: 8 | L78: 3.4710092 | M78: 1.1589908
B79: 29434 | C79: 16.06 | D79: 11.1 | E79: 38 | F79: 85.85 | G79: 122.38 | H79: 0.73 | I79: 95.423714 | K79: 9 | L79: 3.2505591 | M79: 1.1894409
B80: 29465 | C80: 20.5 | D80: 11.51 | E80: 36 | F80: 86.02 | G80: 125.46 | H80: 0.84 | I80: 147.70671 | K80: 10 | L80: 3.3266084 | M80: 0.86339161
B81: 29495 | C81: 18.88 | D81: 11.75 | E81: 36 | F81: 88.38 | G81: 127.47 | H81: 0.95 | I81: 157.21671 | K81: 11 | L81: 3.0964448 | M81: 1.1335552
B82: 29526 | C82: 18.42 | D82: 12.68 | E82: 36 | F82: 90.01 | G82: 140.52 | H82: 0.83 | I82: 124.79424 | K82: 12 | L82: 3.0620445 | M82: 1.1179555
... B623: 45992 | C623: 71.649 | D623: 4.14 | E623: 57.97 | F623: 98.32 | G623: 6845.5 | H623: -0.02 | I623: 142.10591 | K623: 553 | L623: 19.842809 | M623: 7.0711906
K624: 554 | L624: 21.495293 | M624: 4.937107
K625: 555 | L625: 22.652015 | M625: 1.8799853
K626: 556 | L626: 23.496771 | M626: 2.3722291
K627: 557 | L627: 24.278709 | M627: 3.7352914
K628: 558 | L628: 25.39592 | M628: 0.79228017
K629: 559 | L629: 25.833991 | M629: -0.28699077
K630: 560 | L630: 25.400907 | M630: -1.4041069
K631: 561 | L631: 25.213693 | M631: -3.1666932
K632: 562 | L632: 28.127493 | M632: -4.178493
K633: 563 | L633: 27.399468 | M633: -4.6184681
K634: 564 | L634: 26.77387 | M634: -3.42667
K635: 565 | L635: 27.995867 | M635: -5.6028674
... K682: 612 | L682: 33.38685 | M682: 38.26215

Sheet CHART SILVER

Sheet REGRESSION GOLD TEST
B1: ALL DATA EXTRACTED
B3: Independent Variable:-
B4: 1.Interest Rate | E4: Dependent Variable: Gold Price
B5: 2. Inflation Rate
B6: 3. Oil Price
B7: 4. DXY
B8: 5. GPRH
B10: DATE | C10: GOLD (Y) | D10: INTEREST RATE (X1) | E10: OIL PRICE (X3) | F10: DXY (X4) | G10: GPRH (X5) | H10: INFLATION RATE (X2)
B11: 27395 | C11: 176.27 | D11: 7.5 | E11: 11.16 | F11: 95.61 | G11: 73.167297 | H11: 0.39 | K11: INTEREST RATE (X1) | L11: INFLATION RATE (X2) | M11: OIL PRICE (X3) | N11: DXY (X4) | O11: GPRH (X5)
B12: 27396 | C12: 179.6 | D12: 7.39 | E12: 11.16 | F12: 93 | G12: 86.054886 | H12: 0.77 | J12: INTEREST RATE (X1) | K12: 1
B13: 27397 | C13: 178.16 | D13: 7.73 | E13: 11.16 | F13: 94.82 | G13: 87.001091 | H13: 0.38 | J13: INFLATION RATE (X2) | K13: 0.33186373 | L13: 1
B14: 27398 | C14: 169.84 | D14: 8.23 | E14: 11.16 | F14: 95.39 | G14: 82.641464 | H14: 0.38 | J14: OIL PRICE (X3) | K14: -0.57753328 | L14: -0.079975981 | M14: 1
B15: 27399 | C15: 167.39 | D15: 8.06 | E15: 11.16 | F15: 94.63 | G15: 69.514923 | H15: 0.57 | J15: DXY (X4) | K15: 0.47283863 | L15: 0.0034507835 | M15: -0.37456919 | N15: 1
B16: 27400 | C16: 164.24 | D16: 7.86 | E16: 11.16 | F16: 95.86 | G16: 73.45472 | H16: 0.75 | J16: GPRH (X5) | K16: 0.16732073 | L16: 0.078176328 | M16: 0.0067537663 | N16: 0.16494152 | O16: 1
B17: 27401 | C17: 165.17 | D17: 8.06 | E17: 11.16 | F17: 101.25 | G17: 87.465973 | H17: 1.12
B18: 27402 | C18: 163 | D18: 8.4 | E18: 11.16 | F18: 101.79 | G18: 92.539864 | H18: 0.18 | J18: SUMMARY OUTPUT
B19: 27403 | C19: 144.17 | D19: 8.43 | E19: 11.16 | F19: 104.24 | G19: 69.647133 | H19: 0.55
B20: 27404 | C20: 142.79 | D20: 8.14 | E20: 11.16 | F20: 101.61 | G20: 77.191345 | H20: 0.55 | J20: Regression Statistics
B21: 27405 | C21: 142.42 | D21: 8.05 | E21: 11.16 | F21: 103.53 | G21: 71.163002 | H21: 0.73 | J21: Multiple R | K21: 0.75719759
B22: 27406 | C22: 139.3 | D22: 8 | E22: 11.16 | F22: 103.51 | G22: 79.85717 | H22: 0.36 | J22: R Square | K22: 0.5733482
B23: 27760 | C23: 131.05 | D23: 7.74 | E23: 11.16 | F23: 103.88 | G23: 82.461548 | H23: 0.18 | J23: Adjusted R Square | K23: 0.56982797
B24: 27761 | C24: 131.06 | D24: 7.79 | E24: 12.03 | F24: 103.66 | G24: 53.818283 | H24: 0.36 | J24: Standard Error | K24: 452.04463
B25: 27762 | C25: 132.76 | D25: 7.73 | E25: 12.1 | F25: 105.34 | G25: 69.601067 | H25: 0.18 | J25: Observations | K25: 612
B26: 27763 | C26: 127.94 | D26: 7.56 | E26: 12.17 | F26: 106.23 | G26: 62.143448 | H26: 0.36
B27: 27764 | C27: 126.92 | D27: 7.9 | E27: 12.17 | F27: 107.29 | G27: 67.540115 | H27: 0.71 | J27: ANOVA
B28: 27765 | C28: 125.71 | D28: 7.86 | E28: 12.17 | F28: 106.64 | G28: 68.002213 | H28: 0.53 | K28: df | L28: SS | M28: MS | N28: F | O28: Significance F
B29: 27766 | C29: 117.73 | D29: 7.83 | E29: 12.17 | F29: 106.56 | G29: 78.572227 | H29: 0.53 | J29: Regression | K29: 5 | L29: 1.6641027e+08 | M29: 33282054 | N29: 162.8724 | O29: 1.421435e-109
B30: 27767 | C30: 109.93 | D30: 7.77 | E30: 12.17 | F30: 106.13 | G30: 91.084259 | H30: 0.53 | J30: Residual | K30: 606 | L30: 1.2383268e+08 | M30: 204344.35
B31: 27768 | C31: 114.15 | D31: 7.59 | E31: 13.9 | F31: 105.5 | G31: 69.401604 | H31: 0.35 | J31: Total | K31: 611 | L31: 2.9024295e+08
B32: 27769 | C32: 116.15 | D32: 7.41 | E32: 13.9 | F32: 105.94 | G32: 67.357544 | H32: 0.52
B33: 27770 | C33: 130.46 | D33: 7.29 | E33: 13.9 | F33: 106.19 | G33: 58.609882 | H33: 0.17 | K33: Coefficients | L33: Standard Error | M33: t Stat | N33: P-value | O33: Lower 95% | P33: Upper 95% | Q33: Lower 95.0% | R33: Upper 95.0%
B34: 27771 | C34: 133.93 | D34: 6.87 | E34: 13.9 | F34: 104.56 | G34: 62.196987 | H34: 0.34 | J34: Intercept | K34: -398.18601 | L34: 152.32456 | M34: -2.6140631 | N34: 0.009169622 | O34: -697.33413 | P34: -99.037898 | Q34: -697.33413 | R34: -99.037898
B35: 28126 | C35: 132.26 | D35: 7.21 | E35: 13.9 | F35: 105.54 | G35: 55.85688 | H35: 0.52 | J35: INTEREST RATE (X1) | K35: -79.599186 | L35: 8.0615818 | M35: -9.8738917 | N35: 2.0169156e-21 | O35: -95.431216 | P35: -63.767156 | Q35: -95.431216 | R35: -63.767156
B36: 28127 | C36: 136.24 | D36: 7.39 | E36: 13.9 | F36: 105.26 | G36: 64.896774 | H36: 1.03 | J36: INFLATION RATE (X2) | K36: 52.066413 | L36: 54.574683 | M36: 0.95403967 | N36: 0.34044395 | O36: -55.11206 | P36: 159.24489 | Q36: -55.11206 | R36: 159.24489
B37: 28128 | C37: 148.23 | D37: 7.46 | E37: 13.9 | F37: 105.03 | G37: 61.689423 | H37: 0.68 | J37: OIL PRICE (X3) | K37: 13.700651 | L37: 0.81935265 | M37: 16.721312 | N37: 6.8424608e-52 | O37: 12.091536 | P37: 15.309767 | Q37: 12.091536 | R37: 15.309767
B38: 28129 | C38: 149.17 | D38: 7.37 | E38: 13.9 | F38: 104.39 | G38: 78.984024 | H38: 0.84 | J38: DXY (X4) | K38: 9.3851252 | L38: 1.5026609 | M38: 6.2456709 | N38: 7.9461917e-10 | O38: 6.4340701 | P38: 12.33618 | Q38: 6.4340701 | R38: 12.33618
B39: 28130 | C39: 146.61 | D39: 7.46 | E39: 13.9 | F39: 104.52 | G39: 74.192535 | H39: 0.5 | J39: GPRH (X5) | K39: 1.7356917 | L39: 0.63118655 | M39: 2.749887 | N39: 0.0061394998 | O39: 0.49611305 | P39: 2.9752703 | Q39: 0.49611305 | R39: 2.9752703
B40: 28131 | C40: 140.78 | D40: 7.28 | E40: 13.9 | F40: 103.84 | G40: 67.767151 | H40: 0.66
B41: 28132 | C41: 143.39 | D41: 7.33 | E41: 13.9 | F41: 102.86 | G41: 77.617676 | H41: 0.49
B42: 28133 | C42: 144.94 | D42: 7.4 | E42: 14.85 | F42: 103.64 | G42: 72.078178 | H42: 0.33 | J42: SUMMARY OUTPUT
B43: 28134 | C43: 149.53 | D43: 7.34 | E43: 14.85 | F43: 103.21 | G43: 63.826214 | H43: 0.33
B44: 28135 | C44: 158.95 | D44: 7.52 | E44: 14.85 | F44: 100.96 | G44: 78.113029 | H44: 0.33 | J44: Regression Statistics
B45: 28136 | C45: 162.1 | D45: 7.58 | E45: 14.85 | F45: 100.37 | G45: 70.122078 | H45: 0.49 | J45: Multiple R | K45: 0.75677433
B46: 28137 | C46: 160.45 | D46: 7.69 | E46: 14.85 | F46: 96.44 | G46: 56.557266 | H46: 0.32 | J46: R Square | K46: 0.57270738
B47: 28491 | C47: 173.18 | D47: 7.96 | E47: 14.85 | F47: 96.64 | G47: 65.371437 | H47: 0.64 | J47: Adjusted R Square | K47: 0.56989161
B48: 28492 | C48: 178.14 | D48: 8.03 | E48: 14.85 | F48: 94.6 | G48: 80.866852 | H48: 0.64 | J48: Standard Error | K48: 452.01119
B49: 28493 | C49: 183.61 | D49: 8.04 | E49: 14.85 | F49: 93.84 | G49: 101.27259 | H49: 0.79 | J49: Observations | K49: 612
B50: 28494 | C50: 175.28 | D50: 8.15 | E50: 14.85 | F50: 95.62 | G50: 76.179489 | H50: 0.79
B51: 28495 | C51: 176.31 | D51: 8.35 | E51: 14.85 | F51: 95.46 | G51: 111.73176 | H51: 0.94 | J51: ANOVA
B52: 28496 | C52: 183.75 | D52: 8.46 | E52: 14.85 | F52: 93.53 | G52: 97.305801 | H52: 1.09 | K52: df | L52: SS | M52: MS | N52: F | O52: Significance F
B53: 28497 | C53: 188.73 | D53: 8.64 | E53: 14.85 | F53: 90.94 | G53: 86.643044 | H53: 0.77 | J53: Regression | K53: 4 | L53: 1.6622428e+08 | M53: 41556070 | N53: 203.39304 | O53: 1.471429e-110
B54: 28498 | C54: 206.3 | D54: 8.41 | E54: 14.85 | F54: 90 | G54: 66.597137 | H54: 0.46 | J54: Residual | K54: 607 | L54: 1.2401867e+08 | M54: 204314.12
B55: 28499 | C55: 212.08 | D55: 8.42 | E55: 14.85 | F55: 88.83 | G55: 71.801331 | H55: 0.76 | J55: Total | K55: 611 | L55: 2.9024295e+08
B56: 28500 | C56: 227.44 | D56: 8.64 | E56: 14.85 | F56: 83.07 | G56: 65.73056 | H56: 0.9
B57: 28501 | C57: 206.2 | D57: 8.81 | E57: 14.85 | F57: 90.22 | G57: 75.757812 | H57: 0.45 | K57: Coefficients | L57: Standard Error | M57: t Stat | N57: P-value | O57: Lower 95% | P57: Upper 95% | Q57: Lower 95.0% | R57: Upper 95.0%
B58: 28502 | C58: 207.85 | D58: 9.01 | E58: 14.85 | F58: 86.5 | G58: 77.193375 | H58: 0.45 | J58: Intercept | K58: -381.34855 | L58: 151.28751 | M58: -2.5206876 | N58: 0.011967747 | O58: -678.45904 | P58: -84.238054 | Q58: -678.45904 | R58: -84.238054
B59: 28856 | C59: 227.28 | D59: 9.1 | E59: 14.85 | F59: 88.86 | G59: 84.88913 | H59: 0.89 | J59: INTEREST RATE (X1) | K59: -76.706372 | L59: 7.4690541 | M59: -10.269891 | N59: 6.3673731e-23 | O59: -91.374697 | P59: -62.038047 | Q59: -91.374697 | R59: -62.038047
B60: 28857 | C60: 245.67 | D60: 9.1 | E60: 15.85 | F60: 88.18 | G60: 95.470345 | H60: 1.17 | J60: OIL PRICE (X3) | K60: 13.792368 | L60: 0.81363306 | M60: 16.951583 | N60: 4.6724933e-53 | O60: 12.194491 | P60: 15.390246 | Q60: 12.194491 | R60: 15.390246
B61: 28858 | C61: 242.05 | D61: 9.12 | E61: 15.85 | F61: 88.53 | G61: 91.039337 | H61: 1.01 | J61: DXY (X4) | K61: 9.1421254 | L61: 1.4808072 | M61: 6.1737446 | N61: 1.2207023e-09 | O61: 6.233998 | P61: 12.050253 | Q61: 6.233998 | R61: 12.050253
B62: 28859 | C62: 239.11 | D62: 9.18 | E62: 15.85 | F62: 89.98 | G62: 94.298073 | H62: 1.15 | J62: GPRH (X5) | K62: 1.7515585 | L62: 0.63092073 | M62: 2.7761942 | N62: 0.0056695761 | O62: 0.51250596 | P62: 2.990611 | Q62: 0.51250596 | R62: 2.990611
B63: 28860 | C63: 257.59 | D63: 9.25 | E63: 18.1 | F63: 90.53 | G63: 77.927391 | H63: 1.27
B64: 28861 | C64: 279.07 | D64: 8.91 | E64: 19.1 | F64: 87.85 | G64: 99.524315 | H64: 1.12 | J64: Y= -381 -76.71X1 +13.79X3 + 9.14X4 + 1.75X5
B65: 28862 | C65: 294.74 | D65: 8.95 | E65: 21.75 | F65: 87.31 | G65: 81.149902 | H65: 1.11
B66: 28863 | C66: 300.82 | D66: 9.03 | E66: 26.5 | F66: 87.19 | G66: 70.083923 | H66: 0.96
B67: 28864 | C67: 354.95 | D67: 9.33 | E67: 28.5 | F67: 85.45 | G67: 74.713951 | H67: 1.08 | J67: =K58+('INTEREST RATE'!B617*'REGRESSION GOLD TEST'!K59)+('REGRESSION GOLD TEST'!K60*'OIL '!B617)+('REGRESSION GOLD TEST'!K61*DXY!B617)+('REGRESSION GOLD TEST'!K62*GPRHT!#REF!) -> #REF!
B68: 28865 | C68: 391.66 | D68: 10.3 | E68: 29 | F68: 88.95 | G68: 82.619995 | H68: 0.8
B69: 28866 | C69: 391.99 | D69: 10.65 | E69: 31 | F69: 86.79 | G69: 88.669846 | H69: 0.93
B70: 28867 | C70: 455.08 | D70: 10.39 | E70: 32.5 | F70: 85.82 | G70: 95.826736 | H70: 1.05
B71: 29221 | C71: 675.31 | D71: 10.8 | E71: 32.5 | F71: 86.14 | G71: 153.01688 | H71: 1.43
B72: 29222 | C72: 665.32 | D72: 12.41 | E72: 37 | F72: 87.65 | G72: 108.00233 | H72: 1.41
B73: 29223 | C73: 553.58 | D73: 12.75 | E73: 38 | F73: 93.58 | G73: 86.536232 | H73: 1.52
B74: 29224 | C74: 517.41 | D74: 11.47 | E74: 39.5 | F74: 88.11 | G74: 122.74142 | H74: 1.12
B75: 29225 | C75: 513.8 | D75: 10.18 | E75: 39.5 | F75: 85.93 | G75: 86.842133 | H75: 0.99
B76: 29226 | C76: 600.72 | D76: 9.78 | E76: 39.5 | F76: 85.2 | G76: 86.269585 | H76: 1.1
B77: 29227 | C77: 643.27 | D77: 10.25 | E77: 39.5 | F77: 86.08 | G77: 69.791145 | H77: 0
B78: 29228 | C78: 627.15 | D78: 11.1 | E78: 38 | F78: 85.85 | G78: 73.168213 | H78: 0.73
B79: 29229 | C79: 673.63 | D79: 11.51 | E79: 36 | F79: 86.02 | G79: 109.17736 | H79: 0.84
... B622: 45669 | C622: 4309.23 | D622: 4.14 | E622: 57.97 | F622: 98.32 | G622: 112.32607 | H622: -0.02

Sheet REGRESSION SILVER TEST
B1: ALL DATA EXTRACTED
B3: Independent Variable:- | E3: Dependent Variable: Silver Price
B4: 1.Interest Rate
B5: 2. Inflation Rate
B6: 3. Oil Price
B7: 4. DXY
B8: 5. GPRH
B10: DATE | C10: SILVER (Y) | D10: INTEREST RATE (X1) | E10: INFLATION RATE (X2) | F10: OIL PRICE (X3) | G10: DXY (X4) | H10: GPRH (X5)
B11: 27395 | C11: 4.15 | D11: 7.5 | E11: 0.39 | F11: 11.16 | G11: 95.61 | H11: 73.167297 | K11: INTEREST RATE (X1) | L11: INFLATION RATE (X2) | M11: OIL PRICE (X3) | N11: DXY (X4) | O11: GPRH (X5)
B12: 27396 | C12: 4.42 | D12: 7.39 | E12: 0.77 | F12: 11.16 | G12: 93 | H12: 86.054886 | J12: INTEREST RATE (X1)
B13: 27397 | C13: 4.28 | D13: 7.73 | E13: 0.38 | F13: 11.16 | G13: 94.82 | H13: 87.001091 | J13: INFLATION RATE (X2) | K13: 0.33186373
B14: 27398 | C14: 4.43 | D14: 8.23 | E14: 0.38 | F14: 11.16 | G14: 95.39 | H14: 82.641464 | J14: OIL PRICE (X3) | K14: -0.57753328 | L14: -0.079975981
B15: 27399 | C15: 4.53 | D15: 8.06 | E15: 0.57 | F15: 11.16 | G15: 94.63 | H15: 69.514923 | J15: DXY (X4) | K15: 0.47283863 | L15: 0.0034507835 | M15: -0.37456919
B16: 27400 | C16: 4.57 | D16: 7.86 | E16: 0.75 | F16: 11.16 | G16: 95.86 | H16: 73.45472 | J16: GPRH (X5) | K16: 0.16732073 | L16: 0.078176328 | M16: 0.0067537663 | N16: 0.16494152
B17: 27401 | C17: 5 | D17: 8.06 | E17: 1.12 | F17: 11.16 | G17: 101.25 | H17: 87.465973
B18: 27402 | C18: 4.63 | D18: 8.4 | E18: 0.18 | F18: 11.16 | G18: 101.79 | H18: 92.539864 | J18: SUMMARY OUTPUT
B19: 27403 | C19: 4.44 | D19: 8.43 | E19: 0.55 | F19: 11.16 | G19: 104.24 | H19: 69.647133
B20: 27404 | C20: 4.19 | D20: 8.14 | E20: 0.55 | F20: 11.16 | G20: 101.61 | H20: 77.191345 | J20: Regression Statistics
B21: 27405 | C21: 4.23 | D21: 8.05 | E21: 0.73 | F21: 11.16 | G21: 103.53 | H21: 71.163002 | J21: Multiple R | K21: 0.75876289
B22: 27406 | C22: 4.18 | D22: 8 | E22: 0.36 | F22: 11.16 | G22: 103.51 | H22: 79.85717 | J22: R Square | K22: 0.57572112
B23: 27760 | C23: 4.01 | D23: 7.74 | E23: 0.18 | F23: 11.16 | G23: 103.88 | H23: 82.461548 | J23: Adjusted R Square | K23: 0.57222047
B24: 27761 | C24: 4.16 | D24: 7.79 | E24: 0.36 | F24: 12.03 | G24: 103.66 | H24: 53.818283 | J24: Standard Error | K24: 6.1945575
B25: 27762 | C25: 4.11 | D25: 7.73 | E25: 0.18 | F25: 12.1 | G25: 105.34 | H25: 69.601067 | J25: Observations | K25: 612
B26: 27763 | C26: 4.43 | D26: 7.56 | E26: 0.36 | F26: 12.17 | G26: 106.23 | H26: 62.143448
B27: 27764 | C27: 4.62 | D27: 7.9 | E27: 0.71 | F27: 12.17 | G27: 107.29 | H27: 67.540115 | J27: ANOVA
B28: 27765 | C28: 4.83 | D28: 7.86 | E28: 0.53 | F28: 12.17 | G28: 106.64 | H28: 68.002213 | K28: df | L28: SS | M28: MS | N28: F | O28: Significance F
B29: 27766 | C29: 4.54 | D29: 7.83 | E29: 0.53 | F29: 12.17 | G29: 106.56 | H29: 78.572227 | J29: Regression | K29: 5 | L29: 31553.967 | M29: 6310.7933 | N29: 164.46117 | O29: 2.6392638e-110
B30: 27767 | C30: 4.11 | D30: 7.77 | E30: 0.53 | F30: 12.17 | G30: 106.13 | H30: 91.084259 | J30: Residual | K30: 606 | L30: 23253.761 | M30: 38.372543
B31: 27768 | C31: 4.39 | D31: 7.59 | E31: 0.35 | F31: 13.9 | G31: 105.5 | H31: 69.401604 | J31: Total | K31: 611 | L31: 54807.728
B32: 27769 | C32: 4.27 | D32: 7.41 | E32: 0.52 | F32: 13.9 | G32: 105.94 | H32: 67.357544
B33: 27770 | C33: 4.28 | D33: 7.29 | E33: 0.17 | F33: 13.9 | G33: 106.19 | H33: 58.609882 | K33: Coefficients | L33: Standard Error | M33: t Stat | N33: P-value | O33: Lower 95% | P33: Upper 95% | Q33: Lower 95.0% | R33: Upper 95.0%
B34: 27771 | C34: 4.36 | D34: 6.87 | E34: 0.34 | F34: 13.9 | G34: 104.56 | H34: 62.196987 | J34: Intercept | K34: -0.87730537 | L34: 2.0873674 | M34: -0.42029274 | N34: 0.6744206 | O34: -4.9766577 | P34: 3.2220469 | Q34: -4.9766577 | R34: 3.2220469
B35: 28126 | C35: 4.45 | D35: 7.21 | E35: 0.52 | F35: 13.9 | G35: 105.54 | H35: 55.85688 | J35: INTEREST RATE (X1) | K35: -0.39204857 | L35: 0.11047124 | M35: -3.5488745 | N35: 0.00041683947 | O35: -0.60900153 | P35: -0.17509561 | Q35: -0.60900153 | R35: -0.17509561
B36: 28127 | C36: 4.73 | D36: 7.39 | E36: 1.03 | F36: 13.9 | G36: 105.26 | H36: 64.896774 | J36: INFLATION RATE (X2) | K36: 1.9902031 | L36: 0.74785981 | M36: 2.6611982 | N36: 0.0079926855 | O36: 0.5214915 | P36: 3.4589148 | Q36: 0.5214915 | R36: 3.4589148
B37: 28128 | C37: 4.83 | D37: 7.46 | E37: 0.68 | F37: 13.9 | G37: 105.03 | H37: 61.689423 | J37: OIL PRICE (X3) | K37: 0.23707149 | L37: 0.011227934 | M37: 21.114436 | N37: 1.3708113e-74 | O37: 0.2150211 | P37: 0.25912187 | Q37: 0.2150211 | R37: 0.25912187
B38: 28129 | C38: 4.71 | D38: 7.37 | E38: 0.84 | F38: 13.9 | G38: 104.39 | H38: 78.984024 | J38: DXY (X4) | K38: 0.041271856 | L38: 0.020591593 | M38: 2.0043061 | N38: 0.045481754 | O38: 0.0008323083 | P38: 0.081711405 | Q38: 0.0008323083 | R38: 0.081711405
B39: 28130 | C39: 4.56 | D39: 7.46 | E39: 0.5 | F39: 13.9 | G39: 104.52 | H39: 74.192535 | J39: GPRH (X5) | K39: 0.008281865 | L39: 0.0086494145 | M39: 0.95750585 | N39: 0.33869382 | O39: -0.0087046018 | P39: 0.025268332 | Q39: -0.0087046018 | R39: 0.025268332
B40: 28131 | C40: 4.51 | D40: 7.28 | E40: 0.66 | F40: 13.9 | G40: 103.84 | H40: 67.767151
B41: 28132 | C41: 4.52 | D41: 7.33 | E41: 0.49 | F41: 13.9 | G41: 102.86 | H41: 77.617676
B42: 28133 | C42: 4.45 | D42: 7.4 | E42: 0.33 | F42: 14.85 | G42: 103.64 | H42: 72.078178 | J42: SUMMARY OUTPUT
B43: 28134 | C43: 4.65 | D43: 7.34 | E43: 0.33 | F43: 14.85 | G43: 103.21 | H43: 63.826214
B44: 28135 | C44: 4.85 | D44: 7.52 | E44: 0.33 | F44: 14.85 | G44: 100.96 | H44: 78.113029 | J44: Regression Statistics
B45: 28136 | C45: 4.74 | D45: 7.58 | E45: 0.49 | F45: 14.85 | G45: 100.37 | H45: 70.122078 | J45: Multiple R | K45: 0.75833979
B46: 28137 | C46: 4.76 | D46: 7.69 | E46: 0.32 | F46: 14.85 | G46: 96.44 | H46: 56.557266 | J46: R Square | K46: 0.57507923 | L46: Decent
B47: 28491 | C47: 4.95 | D47: 7.96 | E47: 0.64 | F47: 14.85 | G47: 96.64 | H47: 65.371437 | J47: Adjusted R Square | K47: 0.5722791
B48: 28492 | C48: 4.97 | D48: 8.03 | E48: 0.64 | F48: 14.85 | G48: 94.6 | H48: 80.866852 | J48: Standard Error | K48: 6.1941331
B49: 28493 | C49: 5.35 | D49: 8.04 | E49: 0.79 | F49: 14.85 | G49: 93.84 | H49: 101.27259 | J49: Observations | K49: 612
B50: 28494 | C50: 5 | D50: 8.15 | E50: 0.79 | F50: 14.85 | G50: 95.62 | H50: 76.179489
B51: 28495 | C51: 5.47 | D51: 8.35 | E51: 0.94 | F51: 14.85 | G51: 95.46 | H51: 111.73176 | J51: ANOVA
B52: 28496 | C52: 5.28 | D52: 8.46 | E52: 1.09 | F52: 14.85 | G52: 93.53 | H52: 97.305801 | K52: df | L52: SS | M52: MS | N52: F | O52: Significance F
B53: 28497 | C53: 5.57 | D53: 8.64 | E53: 0.77 | F53: 14.85 | G53: 90.94 | H53: 86.643044 | J53: Regression | K53: 4 | L53: 31518.786 | M53: 7879.6965 | N53: 205.3754 | O53: 2.7279252e-111
B54: 28498 | C54: 5.53 | D54: 8.41 | E54: 0.46 | F54: 14.85 | G54: 90 | H54: 66.597137 | J54: Residual | K54: 607 | L54: 23288.942 | M54: 38.367285
B55: 28499 | C55: 5.67 | D55: 8.42 | E55: 0.76 | F55: 14.85 | G55: 88.83 | H55: 71.801331 | J55: Total | K55: 611 | L55: 54807.728
B56: 28500 | C56: 6.26 | D56: 8.64 | E56: 0.9 | F56: 14.85 | G56: 83.07 | H56: 65.73056
B57: 28501 | C57: 5.91 | D57: 8.81 | E57: 0.45 | F57: 14.85 | G57: 90.22 | H57: 75.757812 | K57: Coefficients | L57: Standard Error | M57: t Stat | N57: P-value | O57: Lower 95% | P57: Upper 95% | Q57: Lower 95.0% | R57: Upper 95.0%
B58: 28502 | C58: 6.02 | D58: 9.01 | E58: 0.45 | F58: 14.85 | G58: 86.5 | H58: 77.193375 | J58: Intercept | K58: -0.56533571 | L58: 2.0616413 | M58: -0.27421633 | N58: 0.78401167 | O58: -4.6141515 | P58: 3.4834801 | Q58: -4.6141515 | R58: 3.4834801
B59: 28856 | C59: 6.71 | D59: 9.1 | E59: 0.89 | F59: 14.85 | G59: 88.86 | H59: 84.88913 | J59: INTEREST RATE (X1) | K59: -0.37737071 | L59: 0.10939501 | M59: -3.4496153 | N59: 0.00060030989 | O59: -0.59220938 | P59: -0.16253205 | Q59: -0.59220938 | R59: -0.16253205
B60: 28857 | C60: 7.69 | D60: 9.1 | E60: 1.17 | F60: 15.85 | G60: 88.18 | H60: 95.470345 | J60: INFLATION RATE (X2) | K60: 2.0090712 | L60: 0.74754893 | M60: 2.6875447 | N60: 0.0073953059 | O60: 0.54097489 | P60: 3.4771674 | Q60: 0.54097489 | R60: 3.4771674
B61: 28858 | C61: 7.45 | D61: 9.12 | E61: 1.01 | F61: 15.85 | G61: 88.53 | H61: 91.039337 | J61: OIL PRICE (X3) | K61: 0.23858088 | L61: 0.01111596 | M61: 21.462913 | N61: 1.8219564e-76 | O61: 0.21675047 | P61: 0.26041129 | Q61: 0.21675047 | R61: 0.26041129
B62: 28859 | C62: 7.65 | D62: 9.18 | E62: 1.15 | F62: 15.85 | G62: 89.98 | H62: 94.298073 | J62: DXY (X4) | K62: 0.043673101 | L62: 0.020436911 | M62: 2.1369717 | N62: 0.032999371 | O62: 0.0035374624 | P62: 0.083808739 | Q62: 0.0035374624 | R62: 0.083808739
B63: 28860 | C63: 8.77 | D63: 9.25 | E63: 1.27 | F63: 18.1 | G63: 90.53 | H63: 77.927391
B64: 28861 | C64: 8.54 | D64: 8.91 | E64: 1.12 | F64: 19.1 | G64: 87.85 | H64: 99.524315 | J64: EQUATION
B65: 28862 | C65: 9.08 | D65: 8.95 | E65: 1.11 | F65: 21.75 | G65: 87.31 | H65: 81.149902 | J65: Y=-0.57-0.38X1 +2.01X2 +0.24X3 +0.04X4
B66: 28863 | C66: 10.32 | D66: 9.03 | E66: 0.96 | F66: 26.5 | G66: 87.19 | H66: 70.083923
B67: 28864 | C67: 16.25 | D67: 9.33 | E67: 1.08 | F67: 28.5 | G67: 85.45 | H67: 74.713951 | J67: =K58+(K59*'INTEREST RATE'!B618)+('REGRESSION SILVER TEST'!K60*'INFLATION RATE'!B617)+('REGRESSION SILVER TEST'!K61*'OIL '!B618)+('REGRESSION SILVER TEST'!K62*DXY!B618) -> 18.474171
B68: 28865 | C68: 16.6 | D68: 10.3 | E68: 0.8 | F68: 29 | G68: 88.95 | H68: 82.619995
B69: 28866 | C69: 19 | D69: 10.65 | E69: 0.93 | F69: 31 | G69: 86.79 | H69: 88.669846
B70: 28867 | C70: 32.2 | D70: 10.39 | E70: 1.05 | F70: 32.5 | G70: 85.82 | H70: 95.826736
B71: 29221 | C71: 35.28 | D71: 10.8 | E71: 1.43 | F71: 32.5 | G71: 86.14 | H71: 153.01688
B72: 29222 | C72: 35.52 | D72: 12.41 | E72: 1.41 | F72: 37 | G72: 87.65 | H72: 108.00233
B73: 29223 | C73: 13.49 | D73: 12.75 | E73: 1.52 | F73: 38 | G73: 93.58 | H73: 86.536232
B74: 29224 | C74: 13.83 | D74: 11.47 | E74: 1.12 | F74: 39.5 | G74: 88.11 | H74: 122.74142
B75: 29225 | C75: 13.7 | D75: 10.18 | E75: 0.99 | F75: 39.5 | G75: 85.93 | H75: 86.842133
B76: 29226 | C76: 16.75 | D76: 9.78 | E76: 1.1 | F76: 39.5 | G76: 85.2 | H76: 86.269585
B77: 29227 | C77: 15.78 | D77: 10.25 | E77: 0 | F77: 39.5 | G77: 86.08 | H77: 69.791145
B78: 29228 | C78: 16.06 | D78: 11.1 | E78: 0.73 | F78: 38 | G78: 85.85 | H78: 73.168213
B79: 29229 | C79: 20.5 | D79: 11.51 | E79: 0.84 | F79: 36 | G79: 86.02 | H79: 109.17736
... B622: 45669 | C622: 71.649 | D622: 4.14 | E622: -0.02 | F622: 57.97 | G622: 98.32 | H622: 112.32607
